timestamp, utilization.gpu [%], utilization.memory [%], memory.total [MiB], memory.free [MiB], memory.used [MiB], temperature.gpu
2022/11/10 16:09:02.470, 0 %, 0 %, 15360 MiB, 14910 MiB, 0 MiB, 33
2022/11/10 16:09:02.973, 0 %, 0 %, 15360 MiB, 14910 MiB, 0 MiB, 34
2022/11/10 16:09:03.476, 0 %, 0 %, 15360 MiB, 14910 MiB, 0 MiB, 34
2022/11/10 16:09:03.978, 0 %, 0 %, 15360 MiB, 14910 MiB, 0 MiB, 33
2022/11/10 16:09:04.480, 0 %, 0 %, 15360 MiB, 14910 MiB, 0 MiB, 34
2022/11/10 16:09:04.982, 0 %, 0 %, 15360 MiB, 14897 MiB, 12 MiB, 34
2022/11/10 16:09:05.485, 5 %, 0 %, 15360 MiB, 14680 MiB, 229 MiB, 34
2022/11/10 16:09:05.986, 5 %, 0 %, 15360 MiB, 14542 MiB, 367 MiB, 34
2022/11/10 16:09:06.488, 5 %, 0 %, 15360 MiB, 14446 MiB, 463 MiB, 34
2022/11/10 16:09:06.989, 5 %, 0 %, 15360 MiB, 14318 MiB, 591 MiB, 34
2022/11/10 16:09:07.490, 6 %, 0 %, 15360 MiB, 14186 MiB, 723 MiB, 34
2022/11/10 16:09:07.992, 10 %, 0 %, 15360 MiB, 13954 MiB, 955 MiB, 34
2022/11/10 16:09:08.493, 0 %, 0 %, 15360 MiB, 13954 MiB, 955 MiB, 34
2022/11/10 16:09:08.995, 0 %, 0 %, 15360 MiB, 13954 MiB, 955 MiB, 34
2022/11/10 16:09:09.496, 0 %, 0 %, 15360 MiB, 13954 MiB, 955 MiB, 34
2022/11/10 16:09:09.998, 0 %, 0 %, 15360 MiB, 13954 MiB, 955 MiB, 34
2022/11/10 16:09:10.499, 0 %, 0 %, 15360 MiB, 13954 MiB, 955 MiB, 34
2022/11/10 16:09:11.000, 0 %, 0 %, 15360 MiB, 13954 MiB, 955 MiB, 34
2022/11/10 16:09:11.502, 32 %, 1 %, 15360 MiB, 13284 MiB, 1625 MiB, 34
2022/11/10 16:09:12.003, 0 %, 0 %, 15360 MiB, 13284 MiB, 1625 MiB, 35
2022/11/10 16:09:12.504, 0 %, 0 %, 15360 MiB, 13284 MiB, 1625 MiB, 34
2022/11/10 16:09:13.005, 0 %, 0 %, 15360 MiB, 13284 MiB, 1625 MiB, 35
2022/11/10 16:09:13.506, 0 %, 0 %, 15360 MiB, 13284 MiB, 1625 MiB, 35
2022/11/10 16:09:14.008, 0 %, 0 %, 15360 MiB, 13284 MiB, 1625 MiB, 35
2022/11/10 16:09:14.509, 0 %, 0 %, 15360 MiB, 13284 MiB, 1625 MiB, 35
2022/11/10 16:09:15.010, 0 %, 0 %, 15360 MiB, 13284 MiB, 1625 MiB, 35
2022/11/10 16:09:15.511, 0 %, 0 %, 15360 MiB, 13284 MiB, 1625 MiB, 35
2022/11/10 16:09:16.013, 0 %, 0 %, 15360 MiB, 13278 MiB, 1631 MiB, 35
2022/11/10 16:09:16.514, 0 %, 0 %, 15360 MiB, 13278 MiB, 1631 MiB, 35
2022/11/10 16:09:17.015, 0 %, 0 %, 15360 MiB, 13278 MiB, 1631 MiB, 35
2022/11/10 16:09:17.516, 0 %, 0 %, 15360 MiB, 13278 MiB, 1631 MiB, 35
2022/11/10 16:09:18.018, 0 %, 0 %, 15360 MiB, 13278 MiB, 1631 MiB, 35
2022/11/10 16:09:18.519, 0 %, 0 %, 15360 MiB, 13278 MiB, 1631 MiB, 35
2022/11/10 16:09:19.025, 0 %, 0 %, 15360 MiB, 13278 MiB, 1631 MiB, 35
2022/11/10 16:09:19.526, 0 %, 0 %, 15360 MiB, 13278 MiB, 1631 MiB, 35
2022/11/10 16:09:20.027, 0 %, 0 %, 15360 MiB, 13278 MiB, 1631 MiB, 35
2022/11/10 16:09:20.528, 0 %, 0 %, 15360 MiB, 13278 MiB, 1631 MiB, 35
2022/11/10 16:09:21.029, 22 %, 1 %, 15360 MiB, 12712 MiB, 2197 MiB, 35
2022/11/10 16:09:21.531, 3 %, 0 %, 15360 MiB, 12712 MiB, 2197 MiB, 35
2022/11/10 16:09:22.032, 5 %, 0 %, 15360 MiB, 12712 MiB, 2197 MiB, 35
2022/11/10 16:09:22.534, 3 %, 0 %, 15360 MiB, 12605 MiB, 2304 MiB, 35
2022/11/10 16:09:23.035, 0 %, 0 %, 15360 MiB, 12605 MiB, 2304 MiB, 35
2022/11/10 16:09:23.536, 0 %, 0 %, 15360 MiB, 12605 MiB, 2304 MiB, 35
2022/11/10 16:09:24.037, 0 %, 0 %, 15360 MiB, 12605 MiB, 2304 MiB, 35
2022/11/10 16:09:24.538, 0 %, 0 %, 15360 MiB, 12605 MiB, 2304 MiB, 35
2022/11/10 16:09:25.040, 0 %, 0 %, 15360 MiB, 12605 MiB, 2304 MiB, 35
2022/11/10 16:09:25.541, 0 %, 0 %, 15360 MiB, 12605 MiB, 2304 MiB, 35
2022/11/10 16:09:26.042, 0 %, 0 %, 15360 MiB, 12605 MiB, 2304 MiB, 35
2022/11/10 16:09:26.544, 0 %, 0 %, 15360 MiB, 12605 MiB, 2304 MiB, 35
2022/11/10 16:09:27.045, 0 %, 0 %, 15360 MiB, 12605 MiB, 2304 MiB, 35
2022/11/10 16:09:27.546, 0 %, 0 %, 15360 MiB, 12605 MiB, 2304 MiB, 35
2022/11/10 16:09:28.047, 0 %, 0 %, 15360 MiB, 12605 MiB, 2304 MiB, 35
2022/11/10 16:09:28.548, 0 %, 0 %, 15360 MiB, 12605 MiB, 2304 MiB, 35
2022/11/10 16:09:29.050, 0 %, 0 %, 15360 MiB, 12605 MiB, 2304 MiB, 35
2022/11/10 16:09:29.551, 0 %, 0 %, 15360 MiB, 12605 MiB, 2304 MiB, 35
2022/11/10 16:09:30.052, 0 %, 0 %, 15360 MiB, 12605 MiB, 2304 MiB, 35
2022/11/10 16:09:30.553, 0 %, 0 %, 15360 MiB, 12605 MiB, 2304 MiB, 36
2022/11/10 16:09:31.055, 0 %, 0 %, 15360 MiB, 12605 MiB, 2304 MiB, 35
2022/11/10 16:09:31.556, 0 %, 0 %, 15360 MiB, 12605 MiB, 2304 MiB, 36
2022/11/10 16:09:32.057, 0 %, 0 %, 15360 MiB, 12605 MiB, 2304 MiB, 36
2022/11/10 16:09:32.558, 0 %, 0 %, 15360 MiB, 12605 MiB, 2304 MiB, 36
2022/11/10 16:09:33.060, 0 %, 0 %, 15360 MiB, 12605 MiB, 2304 MiB, 36
2022/11/10 16:09:33.561, 0 %, 0 %, 15360 MiB, 12605 MiB, 2304 MiB, 36
2022/11/10 16:09:34.063, 0 %, 0 %, 15360 MiB, 12605 MiB, 2304 MiB, 36
2022/11/10 16:09:34.564, 0 %, 0 %, 15360 MiB, 12605 MiB, 2304 MiB, 36
2022/11/10 16:09:35.066, 0 %, 0 %, 15360 MiB, 12605 MiB, 2304 MiB, 36
2022/11/10 16:09:35.567, 0 %, 0 %, 15360 MiB, 12605 MiB, 2304 MiB, 36
2022/11/10 16:09:36.069, 0 %, 0 %, 15360 MiB, 12605 MiB, 2304 MiB, 36
2022/11/10 16:09:36.570, 0 %, 0 %, 15360 MiB, 12605 MiB, 2304 MiB, 36
2022/11/10 16:09:37.071, 0 %, 0 %, 15360 MiB, 12605 MiB, 2304 MiB, 36
2022/11/10 16:09:37.573, 0 %, 0 %, 15360 MiB, 12605 MiB, 2304 MiB, 36
2022/11/10 16:09:38.074, 0 %, 0 %, 15360 MiB, 12605 MiB, 2304 MiB, 36
2022/11/10 16:09:38.575, 0 %, 0 %, 15360 MiB, 12605 MiB, 2304 MiB, 36
2022/11/10 16:09:39.077, 0 %, 0 %, 15360 MiB, 12605 MiB, 2304 MiB, 36
2022/11/10 16:09:39.578, 0 %, 0 %, 15360 MiB, 12605 MiB, 2304 MiB, 36
2022/11/10 16:09:40.079, 0 %, 0 %, 15360 MiB, 12605 MiB, 2304 MiB, 36
2022/11/10 16:09:40.580, 0 %, 0 %, 15360 MiB, 12605 MiB, 2304 MiB, 36
2022/11/10 16:09:41.082, 0 %, 0 %, 15360 MiB, 12605 MiB, 2304 MiB, 36
2022/11/10 16:09:41.583, 0 %, 0 %, 15360 MiB, 12605 MiB, 2304 MiB, 36
2022/11/10 16:09:42.084, 0 %, 0 %, 15360 MiB, 12605 MiB, 2304 MiB, 36
2022/11/10 16:09:42.585, 0 %, 0 %, 15360 MiB, 12605 MiB, 2304 MiB, 36
2022/11/10 16:09:43.086, 0 %, 0 %, 15360 MiB, 12605 MiB, 2304 MiB, 36
2022/11/10 16:09:43.615, 0 %, 0 %, 15360 MiB, 12605 MiB, 2304 MiB, 36
2022/11/10 16:09:44.116, 0 %, 0 %, 15360 MiB, 12605 MiB, 2304 MiB, 36
2022/11/10 16:09:44.618, 0 %, 0 %, 15360 MiB, 12605 MiB, 2304 MiB, 36
2022/11/10 16:09:45.119, 0 %, 0 %, 15360 MiB, 12605 MiB, 2304 MiB, 36
2022/11/10 16:09:45.620, 0 %, 0 %, 15360 MiB, 12605 MiB, 2304 MiB, 36
2022/11/10 16:09:46.122, 0 %, 0 %, 15360 MiB, 12605 MiB, 2304 MiB, 36
2022/11/10 16:09:46.623, 0 %, 0 %, 15360 MiB, 12605 MiB, 2304 MiB, 36
2022/11/10 16:09:47.125, 0 %, 0 %, 15360 MiB, 12605 MiB, 2304 MiB, 36
2022/11/10 16:09:47.626, 2 %, 0 %, 15360 MiB, 12605 MiB, 2304 MiB, 36
2022/11/10 16:09:48.127, 0 %, 0 %, 15360 MiB, 12605 MiB, 2304 MiB, 36
2022/11/10 16:09:48.628, 0 %, 0 %, 15360 MiB, 12605 MiB, 2304 MiB, 36
2022/11/10 16:09:49.130, 0 %, 0 %, 15360 MiB, 12605 MiB, 2304 MiB, 36
2022/11/10 16:09:49.631, 0 %, 0 %, 15360 MiB, 12605 MiB, 2304 MiB, 36
2022/11/10 16:09:50.132, 7 %, 0 %, 15360 MiB, 11545 MiB, 3364 MiB, 37
2022/11/10 16:09:50.660, 100 %, 70 %, 15360 MiB, 11331 MiB, 3578 MiB, 38
2022/11/10 16:09:51.161, 91 %, 55 %, 15360 MiB, 11331 MiB, 3578 MiB, 39
2022/11/10 16:09:51.664, 36 %, 11 %, 15360 MiB, 11331 MiB, 3578 MiB, 39
2022/11/10 16:09:52.168, 100 %, 66 %, 15360 MiB, 11331 MiB, 3578 MiB, 38
2022/11/10 16:09:52.669, 100 %, 72 %, 15360 MiB, 11331 MiB, 3578 MiB, 40
2022/11/10 16:09:53.171, 21 %, 3 %, 15360 MiB, 11331 MiB, 3578 MiB, 40
2022/11/10 16:09:53.673, 40 %, 39 %, 15360 MiB, 11331 MiB, 3578 MiB, 39
2022/11/10 16:09:54.174, 100 %, 62 %, 15360 MiB, 11331 MiB, 3578 MiB, 40
2022/11/10 16:09:54.675, 93 %, 55 %, 15360 MiB, 11331 MiB, 3578 MiB, 41
2022/11/10 16:09:55.178, 58 %, 47 %, 15360 MiB, 11331 MiB, 3578 MiB, 40
2022/11/10 16:09:55.679, 100 %, 67 %, 15360 MiB, 11331 MiB, 3578 MiB, 41
2022/11/10 16:09:56.180, 85 %, 44 %, 15360 MiB, 11331 MiB, 3578 MiB, 41
2022/11/10 16:09:56.681, 24 %, 4 %, 15360 MiB, 11331 MiB, 3578 MiB, 41
2022/11/10 16:09:57.201, 100 %, 64 %, 15360 MiB, 11331 MiB, 3578 MiB, 41
2022/11/10 16:09:57.702, 100 %, 58 %, 15360 MiB, 11331 MiB, 3578 MiB, 42
2022/11/10 16:09:58.203, 15 %, 0 %, 15360 MiB, 11331 MiB, 3578 MiB, 42
2022/11/10 16:09:58.705, 54 %, 45 %, 15360 MiB, 11331 MiB, 3578 MiB, 41
2022/11/10 16:09:59.206, 100 %, 60 %, 15360 MiB, 11331 MiB, 3578 MiB, 42
2022/11/10 16:09:59.708, 14 %, 20 %, 15360 MiB, 11331 MiB, 3578 MiB, 42
2022/11/10 16:10:00.210, 73 %, 44 %, 15360 MiB, 11331 MiB, 3578 MiB, 42
2022/11/10 16:10:00.746, 100 %, 61 %, 15360 MiB, 11331 MiB, 3578 MiB, 43
2022/11/10 16:10:01.249, 63 %, 33 %, 15360 MiB, 11331 MiB, 3578 MiB, 43
2022/11/10 16:10:01.750, 12 %, 0 %, 15360 MiB, 11331 MiB, 3578 MiB, 42
2022/11/10 16:10:02.251, 100 %, 65 %, 15360 MiB, 11331 MiB, 3578 MiB, 43
2022/11/10 16:10:02.753, 45 %, 19 %, 15360 MiB, 11331 MiB, 3578 MiB, 43
2022/11/10 16:10:03.254, 19 %, 25 %, 15360 MiB, 11331 MiB, 3578 MiB, 44
2022/11/10 16:10:03.755, 100 %, 74 %, 15360 MiB, 11331 MiB, 3578 MiB, 43
2022/11/10 16:10:04.257, 100 %, 65 %, 15360 MiB, 11331 MiB, 3578 MiB, 44
2022/11/10 16:10:04.758, 41 %, 34 %, 15360 MiB, 11331 MiB, 3578 MiB, 44
2022/11/10 16:10:05.260, 99 %, 71 %, 15360 MiB, 11331 MiB, 3578 MiB, 43
2022/11/10 16:10:05.761, 93 %, 60 %, 15360 MiB, 11331 MiB, 3578 MiB, 44
2022/11/10 16:10:06.264, 44 %, 18 %, 15360 MiB, 11331 MiB, 3578 MiB, 44
2022/11/10 16:10:06.784, 100 %, 68 %, 15360 MiB, 11331 MiB, 3578 MiB, 43
2022/11/10 16:10:07.285, 100 %, 63 %, 15360 MiB, 11331 MiB, 3578 MiB, 45
2022/11/10 16:10:07.787, 20 %, 2 %, 15360 MiB, 11331 MiB, 3578 MiB, 45
2022/11/10 16:10:08.288, 41 %, 34 %, 15360 MiB, 11331 MiB, 3578 MiB, 44
2022/11/10 16:10:08.789, 100 %, 63 %, 15360 MiB, 11331 MiB, 3578 MiB, 45
2022/11/10 16:10:09.291, 93 %, 58 %, 15360 MiB, 11331 MiB, 3578 MiB, 45
2022/11/10 16:10:09.796, 62 %, 47 %, 15360 MiB, 11331 MiB, 3578 MiB, 44
2022/11/10 16:10:10.297, 100 %, 64 %, 15360 MiB, 11331 MiB, 3578 MiB, 46
2022/11/10 16:10:10.799, 81 %, 41 %, 15360 MiB, 11331 MiB, 3578 MiB, 46
2022/11/10 16:10:11.301, 21 %, 3 %, 15360 MiB, 11331 MiB, 3578 MiB, 46
2022/11/10 16:10:11.802, 100 %, 58 %, 15360 MiB, 11331 MiB, 3578 MiB, 45
2022/11/10 16:10:12.303, 100 %, 57 %, 15360 MiB, 11331 MiB, 3578 MiB, 46
2022/11/10 16:10:12.805, 10 %, 2 %, 15360 MiB, 11331 MiB, 3578 MiB, 46
2022/11/10 16:10:13.312, 100 %, 64 %, 15360 MiB, 11331 MiB, 3578 MiB, 45
2022/11/10 16:10:13.813, 100 %, 64 %, 15360 MiB, 11331 MiB, 3578 MiB, 46
2022/11/10 16:10:14.314, 22 %, 20 %, 15360 MiB, 11331 MiB, 3578 MiB, 46
2022/11/10 16:10:14.816, 91 %, 61 %, 15360 MiB, 11331 MiB, 3578 MiB, 45
2022/11/10 16:10:15.317, 95 %, 60 %, 15360 MiB, 11331 MiB, 3578 MiB, 46
2022/11/10 16:10:15.818, 51 %, 26 %, 15360 MiB, 11331 MiB, 3578 MiB, 46
2022/11/10 16:10:16.361, 15 %, 20 %, 15360 MiB, 11331 MiB, 3578 MiB, 46
2022/11/10 16:10:16.862, 100 %, 62 %, 15360 MiB, 11331 MiB, 3578 MiB, 47
2022/11/10 16:10:17.364, 28 %, 6 %, 15360 MiB, 11331 MiB, 3578 MiB, 47
2022/11/10 16:10:17.865, 35 %, 40 %, 15360 MiB, 11331 MiB, 3578 MiB, 46
2022/11/10 16:10:18.366, 100 %, 63 %, 15360 MiB, 11331 MiB, 3578 MiB, 47
2022/11/10 16:10:18.868, 94 %, 59 %, 15360 MiB, 11331 MiB, 3578 MiB, 47
2022/11/10 16:10:19.370, 56 %, 41 %, 15360 MiB, 11331 MiB, 3578 MiB, 47
2022/11/10 16:10:19.871, 100 %, 68 %, 15360 MiB, 11331 MiB, 3578 MiB, 47
2022/11/10 16:10:20.373, 83 %, 44 %, 15360 MiB, 11331 MiB, 3578 MiB, 48
2022/11/10 16:10:20.874, 18 %, 1 %, 15360 MiB, 11331 MiB, 3578 MiB, 48
2022/11/10 16:10:21.376, 100 %, 63 %, 15360 MiB, 11331 MiB, 3578 MiB, 47
2022/11/10 16:10:21.877, 100 %, 58 %, 15360 MiB, 11331 MiB, 3578 MiB, 48
2022/11/10 16:10:22.380, 12 %, 13 %, 15360 MiB, 11331 MiB, 3578 MiB, 48
2022/11/10 16:10:22.882, 72 %, 50 %, 15360 MiB, 11331 MiB, 3578 MiB, 47
2022/11/10 16:10:23.383, 100 %, 62 %, 15360 MiB, 11331 MiB, 3578 MiB, 48
2022/11/10 16:10:23.885, 66 %, 34 %, 15360 MiB, 11331 MiB, 3578 MiB, 48
2022/11/10 16:10:24.386, 98 %, 71 %, 15360 MiB, 11331 MiB, 3578 MiB, 47
2022/11/10 16:10:24.887, 100 %, 65 %, 15360 MiB, 11331 MiB, 3578 MiB, 48
2022/11/10 16:10:25.389, 43 %, 20 %, 15360 MiB, 11331 MiB, 3578 MiB, 48
2022/11/10 16:10:25.924, 23 %, 24 %, 15360 MiB, 11331 MiB, 3578 MiB, 48
2022/11/10 16:10:26.425, 100 %, 71 %, 15360 MiB, 11331 MiB, 3578 MiB, 49
2022/11/10 16:10:26.926, 96 %, 67 %, 15360 MiB, 11331 MiB, 3578 MiB, 49
2022/11/10 16:10:27.428, 50 %, 32 %, 15360 MiB, 11331 MiB, 3578 MiB, 48
2022/11/10 16:10:27.929, 100 %, 56 %, 15360 MiB, 11331 MiB, 3578 MiB, 49
2022/11/10 16:10:28.430, 90 %, 50 %, 15360 MiB, 11331 MiB, 3578 MiB, 49
2022/11/10 16:10:28.936, 77 %, 51 %, 15360 MiB, 11331 MiB, 3578 MiB, 49
2022/11/10 16:10:29.439, 100 %, 64 %, 15360 MiB, 11331 MiB, 3578 MiB, 49
2022/11/10 16:10:29.940, 60 %, 32 %, 15360 MiB, 11331 MiB, 3578 MiB, 49
2022/11/10 16:10:30.441, 9 %, 9 %, 15360 MiB, 11331 MiB, 3578 MiB, 50
2022/11/10 16:10:30.943, 100 %, 65 %, 15360 MiB, 11331 MiB, 3578 MiB, 49
2022/11/10 16:10:31.444, 100 %, 65 %, 15360 MiB, 11331 MiB, 3578 MiB, 50
2022/11/10 16:10:31.946, 33 %, 35 %, 15360 MiB, 11331 MiB, 3578 MiB, 49
2022/11/10 16:10:32.448, 94 %, 57 %, 15360 MiB, 11331 MiB, 3578 MiB, 49
2022/11/10 16:10:32.949, 94 %, 58 %, 15360 MiB, 11331 MiB, 3578 MiB, 50
2022/11/10 16:10:33.451, 41 %, 16 %, 15360 MiB, 11331 MiB, 3578 MiB, 50
2022/11/10 16:10:33.952, 100 %, 65 %, 15360 MiB, 11331 MiB, 3578 MiB, 49
2022/11/10 16:10:34.453, 100 %, 71 %, 15360 MiB, 11331 MiB, 3578 MiB, 50
2022/11/10 16:10:34.955, 18 %, 0 %, 15360 MiB, 11331 MiB, 3578 MiB, 50
2022/11/10 16:10:35.515, 50 %, 42 %, 15360 MiB, 11331 MiB, 3578 MiB, 49
2022/11/10 16:10:36.016, 100 %, 57 %, 15360 MiB, 11331 MiB, 3578 MiB, 50
2022/11/10 16:10:36.518, 84 %, 43 %, 15360 MiB, 11331 MiB, 3578 MiB, 50
2022/11/10 16:10:37.019, 83 %, 54 %, 15360 MiB, 11331 MiB, 3578 MiB, 50
2022/11/10 16:10:37.520, 100 %, 64 %, 15360 MiB, 11331 MiB, 3578 MiB, 51
2022/11/10 16:10:38.021, 56 %, 29 %, 15360 MiB, 11331 MiB, 3578 MiB, 51
2022/11/10 16:10:38.523, 12 %, 14 %, 15360 MiB, 11331 MiB, 3578 MiB, 50
2022/11/10 16:10:39.052, 100 %, 64 %, 15360 MiB, 11331 MiB, 3578 MiB, 51
2022/11/10 16:10:39.553, 100 %, 68 %, 15360 MiB, 11331 MiB, 3578 MiB, 51
2022/11/10 16:10:40.055, 47 %, 39 %, 15360 MiB, 11331 MiB, 3578 MiB, 51
2022/11/10 16:10:40.556, 100 %, 66 %, 15360 MiB, 11331 MiB, 3578 MiB, 51
2022/11/10 16:10:41.057, 91 %, 49 %, 15360 MiB, 11331 MiB, 3578 MiB, 51
2022/11/10 16:10:41.559, 27 %, 6 %, 15360 MiB, 11331 MiB, 3578 MiB, 51
2022/11/10 16:10:42.060, 100 %, 59 %, 15360 MiB, 11331 MiB, 3578 MiB, 51
2022/11/10 16:10:42.592, 100 %, 57 %, 15360 MiB, 11331 MiB, 3578 MiB, 51
2022/11/10 16:10:43.094, 12 %, 10 %, 15360 MiB, 11331 MiB, 3578 MiB, 51
2022/11/10 16:10:43.596, 71 %, 51 %, 15360 MiB, 11331 MiB, 3578 MiB, 51
2022/11/10 16:10:44.097, 100 %, 65 %, 15360 MiB, 11331 MiB, 3578 MiB, 52
2022/11/10 16:10:44.599, 68 %, 35 %, 15360 MiB, 11331 MiB, 3578 MiB, 52
2022/11/10 16:10:45.100, 100 %, 70 %, 15360 MiB, 11331 MiB, 3578 MiB, 51
2022/11/10 16:10:45.601, 100 %, 67 %, 15360 MiB, 11331 MiB, 3578 MiB, 52
2022/11/10 16:10:46.103, 35 %, 10 %, 15360 MiB, 11331 MiB, 3578 MiB, 52
2022/11/10 16:10:46.605, 34 %, 39 %, 15360 MiB, 11331 MiB, 3578 MiB, 51
2022/11/10 16:10:47.106, 100 %, 66 %, 15360 MiB, 11331 MiB, 3578 MiB, 52
2022/11/10 16:10:47.607, 10 %, 1 %, 15360 MiB, 11331 MiB, 3578 MiB, 52
2022/11/10 16:10:48.110, 63 %, 34 %, 15360 MiB, 11331 MiB, 3578 MiB, 51
2022/11/10 16:10:48.611, 100 %, 55 %, 15360 MiB, 11331 MiB, 3578 MiB, 52
2022/11/10 16:10:49.139, 72 %, 38 %, 15360 MiB, 11331 MiB, 3578 MiB, 52
2022/11/10 16:10:49.641, 13 %, 0 %, 15360 MiB, 11331 MiB, 3578 MiB, 51
2022/11/10 16:10:50.143, 100 %, 65 %, 15360 MiB, 11331 MiB, 3578 MiB, 53
2022/11/10 16:10:50.645, 44 %, 16 %, 15360 MiB, 11331 MiB, 3578 MiB, 53
2022/11/10 16:10:51.147, 24 %, 26 %, 15360 MiB, 11331 MiB, 3578 MiB, 52
2022/11/10 16:10:51.648, 100 %, 62 %, 15360 MiB, 11331 MiB, 3578 MiB, 53
2022/11/10 16:10:52.150, 95 %, 64 %, 15360 MiB, 11331 MiB, 3578 MiB, 53
2022/11/10 16:10:52.699, 46 %, 20 %, 15360 MiB, 11331 MiB, 3578 MiB, 53
2022/11/10 16:10:53.202, 100 %, 67 %, 15360 MiB, 11331 MiB, 3578 MiB, 52
2022/11/10 16:10:53.703, 100 %, 72 %, 15360 MiB, 11331 MiB, 3578 MiB, 53
2022/11/10 16:10:54.205, 15 %, 0 %, 15360 MiB, 11331 MiB, 3578 MiB, 53
2022/11/10 16:10:54.706, 100 %, 59 %, 15360 MiB, 11331 MiB, 3578 MiB, 52
2022/11/10 16:10:55.209, 100 %, 55 %, 15360 MiB, 11331 MiB, 3578 MiB, 53
2022/11/10 16:10:55.710, 84 %, 44 %, 15360 MiB, 11331 MiB, 3578 MiB, 53
2022/11/10 16:10:56.279, 85 %, 57 %, 15360 MiB, 11331 MiB, 3578 MiB, 52
2022/11/10 16:10:56.780, 100 %, 62 %, 15360 MiB, 11331 MiB, 3578 MiB, 54
2022/11/10 16:10:57.282, 46 %, 21 %, 15360 MiB, 11331 MiB, 3578 MiB, 53
2022/11/10 16:10:57.783, 24 %, 32 %, 15360 MiB, 11331 MiB, 3578 MiB, 53
2022/11/10 16:10:58.285, 100 %, 71 %, 15360 MiB, 11331 MiB, 3578 MiB, 54
2022/11/10 16:10:58.786, 96 %, 65 %, 15360 MiB, 11331 MiB, 3578 MiB, 54
2022/11/10 16:10:59.288, 53 %, 43 %, 15360 MiB, 11331 MiB, 3578 MiB, 53
2022/11/10 16:10:59.806, 100 %, 69 %, 15360 MiB, 11331 MiB, 3578 MiB, 54
2022/11/10 16:11:00.309, 83 %, 43 %, 15360 MiB, 11331 MiB, 3578 MiB, 54
2022/11/10 16:11:00.810, 19 %, 1 %, 15360 MiB, 11331 MiB, 3578 MiB, 54
2022/11/10 16:11:01.311, 100 %, 64 %, 15360 MiB, 11331 MiB, 3578 MiB, 54
2022/11/10 16:11:01.813, 53 %, 30 %, 15360 MiB, 11331 MiB, 3578 MiB, 54
2022/11/10 16:11:02.315, 15 %, 19 %, 15360 MiB, 11331 MiB, 3578 MiB, 54
2022/11/10 16:11:02.838, 81 %, 55 %, 15360 MiB, 11331 MiB, 3578 MiB, 54
2022/11/10 16:11:03.340, 100 %, 67 %, 15360 MiB, 11331 MiB, 3578 MiB, 54
2022/11/10 16:11:03.842, 55 %, 31 %, 15360 MiB, 11331 MiB, 3578 MiB, 54
2022/11/10 16:11:04.344, 100 %, 65 %, 15360 MiB, 11331 MiB, 3578 MiB, 54
2022/11/10 16:11:04.847, 90 %, 46 %, 15360 MiB, 11331 MiB, 3578 MiB, 54
2022/11/10 16:11:05.349, 26 %, 5 %, 15360 MiB, 11331 MiB, 3578 MiB, 55
2022/11/10 16:11:05.850, 40 %, 27 %, 15360 MiB, 11331 MiB, 3578 MiB, 54
2022/11/10 16:11:06.395, 100 %, 53 %, 15360 MiB, 11331 MiB, 3578 MiB, 55
2022/11/10 16:11:06.896, 92 %, 51 %, 15360 MiB, 11331 MiB, 3578 MiB, 54
2022/11/10 16:11:07.398, 68 %, 50 %, 15360 MiB, 11331 MiB, 3578 MiB, 54
2022/11/10 16:11:07.899, 100 %, 60 %, 15360 MiB, 11331 MiB, 3578 MiB, 55
2022/11/10 16:11:08.400, 71 %, 36 %, 15360 MiB, 11331 MiB, 3578 MiB, 55
2022/11/10 16:11:08.902, 98 %, 65 %, 15360 MiB, 11331 MiB, 3578 MiB, 54
2022/11/10 16:11:09.403, 100 %, 58 %, 15360 MiB, 11331 MiB, 3578 MiB, 55
2022/11/10 16:11:09.904, 37 %, 12 %, 15360 MiB, 11331 MiB, 3578 MiB, 55
2022/11/10 16:11:10.406, 31 %, 25 %, 15360 MiB, 11331 MiB, 3578 MiB, 54
2022/11/10 16:11:10.908, 100 %, 63 %, 15360 MiB, 11331 MiB, 3578 MiB, 55
2022/11/10 16:11:11.409, 94 %, 57 %, 15360 MiB, 11331 MiB, 3578 MiB, 55
2022/11/10 16:11:11.911, 60 %, 39 %, 15360 MiB, 11331 MiB, 3578 MiB, 54
2022/11/10 16:11:12.412, 100 %, 59 %, 15360 MiB, 11331 MiB, 3578 MiB, 55
2022/11/10 16:11:12.915, 72 %, 38 %, 15360 MiB, 11331 MiB, 3578 MiB, 55
2022/11/10 16:11:13.416, 14 %, 0 %, 15360 MiB, 11331 MiB, 3578 MiB, 55
2022/11/10 16:11:13.917, 100 %, 62 %, 15360 MiB, 11331 MiB, 3578 MiB, 55
2022/11/10 16:11:14.419, 100 %, 58 %, 15360 MiB, 11331 MiB, 3578 MiB, 55
2022/11/10 16:11:14.920, 27 %, 34 %, 15360 MiB, 11331 MiB, 3578 MiB, 55
2022/11/10 16:11:15.421, 91 %, 56 %, 15360 MiB, 11331 MiB, 3578 MiB, 55
2022/11/10 16:11:15.965, 94 %, 58 %, 15360 MiB, 11331 MiB, 3578 MiB, 55
2022/11/10 16:11:16.467, 44 %, 19 %, 15360 MiB, 11331 MiB, 3578 MiB, 56
2022/11/10 16:11:16.969, 100 %, 60 %, 15360 MiB, 11331 MiB, 3578 MiB, 55
2022/11/10 16:11:17.470, 100 %, 70 %, 15360 MiB, 11331 MiB, 3578 MiB, 56
2022/11/10 16:11:17.971, 16 %, 0 %, 15360 MiB, 11331 MiB, 3578 MiB, 56
2022/11/10 16:11:18.473, 59 %, 37 %, 15360 MiB, 11331 MiB, 3578 MiB, 55
2022/11/10 16:11:18.974, 100 %, 61 %, 15360 MiB, 11331 MiB, 3578 MiB, 56
2022/11/10 16:11:19.476, 75 %, 39 %, 15360 MiB, 11331 MiB, 3578 MiB, 56
2022/11/10 16:11:19.978, 94 %, 64 %, 15360 MiB, 11331 MiB, 3578 MiB, 55
2022/11/10 16:11:20.479, 94 %, 63 %, 15360 MiB, 11331 MiB, 3578 MiB, 56
2022/11/10 16:11:20.980, 40 %, 15 %, 15360 MiB, 11331 MiB, 3578 MiB, 56
2022/11/10 16:11:21.482, 100 %, 62 %, 15360 MiB, 11331 MiB, 3578 MiB, 55
2022/11/10 16:11:21.983, 100 %, 60 %, 15360 MiB, 11331 MiB, 3578 MiB, 56
2022/11/10 16:11:22.533, 94 %, 61 %, 15360 MiB, 11331 MiB, 3578 MiB, 56
2022/11/10 16:11:23.034, 62 %, 41 %, 15360 MiB, 11331 MiB, 3578 MiB, 55
2022/11/10 16:11:23.536, 100 %, 55 %, 15360 MiB, 11331 MiB, 3578 MiB, 56
2022/11/10 16:11:24.037, 74 %, 36 %, 15360 MiB, 11331 MiB, 3578 MiB, 57
2022/11/10 16:11:24.539, 9 %, 0 %, 15360 MiB, 11331 MiB, 3578 MiB, 56
2022/11/10 16:11:25.041, 100 %, 66 %, 15360 MiB, 11331 MiB, 3578 MiB, 57
2022/11/10 16:11:25.542, 35 %, 10 %, 15360 MiB, 11331 MiB, 3578 MiB, 57
2022/11/10 16:11:26.044, 36 %, 37 %, 15360 MiB, 11331 MiB, 3578 MiB, 56
2022/11/10 16:11:26.545, 100 %, 62 %, 15360 MiB, 11331 MiB, 3578 MiB, 57
2022/11/10 16:11:27.046, 92 %, 59 %, 15360 MiB, 11331 MiB, 3578 MiB, 57
2022/11/10 16:11:27.548, 69 %, 42 %, 15360 MiB, 11331 MiB, 3578 MiB, 56
2022/11/10 16:11:28.049, 100 %, 64 %, 15360 MiB, 11331 MiB, 3578 MiB, 57
2022/11/10 16:11:28.551, 100 %, 62 %, 15360 MiB, 11331 MiB, 3578 MiB, 57
2022/11/10 16:11:29.112, 11 %, 12 %, 15360 MiB, 11331 MiB, 3578 MiB, 57
2022/11/10 16:11:29.613, 73 %, 43 %, 15360 MiB, 11331 MiB, 3578 MiB, 56
2022/11/10 16:11:30.114, 100 %, 59 %, 15360 MiB, 11331 MiB, 3578 MiB, 57
2022/11/10 16:11:30.616, 39 %, 33 %, 15360 MiB, 11331 MiB, 3578 MiB, 57
2022/11/10 16:11:31.118, 100 %, 68 %, 15360 MiB, 11331 MiB, 3578 MiB, 56
2022/11/10 16:11:31.619, 91 %, 47 %, 15360 MiB, 11331 MiB, 3578 MiB, 57
2022/11/10 16:11:32.120, 27 %, 6 %, 15360 MiB, 11331 MiB, 3578 MiB, 57
2022/11/10 16:11:32.623, 100 %, 59 %, 15360 MiB, 11331 MiB, 3578 MiB, 56
2022/11/10 16:11:33.124, 100 %, 54 %, 15360 MiB, 11331 MiB, 3578 MiB, 57
2022/11/10 16:11:33.626, 11 %, 12 %, 15360 MiB, 11331 MiB, 3578 MiB, 57
2022/11/10 16:11:34.127, 81 %, 48 %, 15360 MiB, 11331 MiB, 3578 MiB, 57
2022/11/10 16:11:34.628, 100 %, 61 %, 15360 MiB, 11331 MiB, 3578 MiB, 57
2022/11/10 16:11:35.130, 54 %, 27 %, 15360 MiB, 11331 MiB, 3578 MiB, 57
2022/11/10 16:11:35.685, 100 %, 69 %, 15360 MiB, 11331 MiB, 3578 MiB, 57
2022/11/10 16:11:36.186, 100 %, 70 %, 15360 MiB, 11331 MiB, 3578 MiB, 58
2022/11/10 16:11:36.687, 16 %, 0 %, 15360 MiB, 11331 MiB, 3578 MiB, 58
2022/11/10 16:11:37.189, 56 %, 44 %, 15360 MiB, 11331 MiB, 3578 MiB, 57
2022/11/10 16:11:37.690, 100 %, 59 %, 15360 MiB, 11331 MiB, 3578 MiB, 58
2022/11/10 16:11:38.191, 80 %, 41 %, 15360 MiB, 11331 MiB, 3578 MiB, 58
2022/11/10 16:11:38.693, 88 %, 58 %, 15360 MiB, 11331 MiB, 3578 MiB, 57
2022/11/10 16:11:39.194, 100 %, 64 %, 15360 MiB, 11331 MiB, 3578 MiB, 58
2022/11/10 16:11:39.696, 42 %, 15 %, 15360 MiB, 11331 MiB, 3578 MiB, 58
2022/11/10 16:11:40.197, 24 %, 22 %, 15360 MiB, 11331 MiB, 3578 MiB, 57
2022/11/10 16:11:40.699, 100 %, 65 %, 15360 MiB, 11331 MiB, 3578 MiB, 58
2022/11/10 16:11:41.200, 95 %, 63 %, 15360 MiB, 11331 MiB, 3578 MiB, 58
2022/11/10 16:11:41.701, 59 %, 47 %, 15360 MiB, 11331 MiB, 3578 MiB, 57
2022/11/10 16:11:42.242, 100 %, 57 %, 15360 MiB, 11331 MiB, 3578 MiB, 58
2022/11/10 16:11:42.744, 74 %, 38 %, 15360 MiB, 11331 MiB, 3578 MiB, 58
2022/11/10 16:11:43.246, 14 %, 0 %, 15360 MiB, 11331 MiB, 3578 MiB, 57
2022/11/10 16:11:43.747, 100 %, 64 %, 15360 MiB, 11331 MiB, 3578 MiB, 58
2022/11/10 16:11:44.250, 100 %, 61 %, 15360 MiB, 11331 MiB, 3578 MiB, 58
2022/11/10 16:11:44.751, 30 %, 23 %, 15360 MiB, 11331 MiB, 3578 MiB, 58
2022/11/10 16:11:45.252, 95 %, 60 %, 15360 MiB, 11331 MiB, 3578 MiB, 58
2022/11/10 16:11:45.763, 93 %, 61 %, 15360 MiB, 11331 MiB, 3578 MiB, 58
2022/11/10 16:11:46.265, 68 %, 40 %, 15360 MiB, 11331 MiB, 3578 MiB, 59
2022/11/10 16:11:46.767, 100 %, 60 %, 15360 MiB, 11331 MiB, 3578 MiB, 58
2022/11/10 16:11:47.268, 68 %, 36 %, 15360 MiB, 11331 MiB, 3578 MiB, 58
2022/11/10 16:11:47.769, 10 %, 4 %, 15360 MiB, 11331 MiB, 3578 MiB, 59
2022/11/10 16:11:48.271, 70 %, 47 %, 15360 MiB, 11331 MiB, 3578 MiB, 58
2022/11/10 16:11:48.818, 100 %, 63 %, 15360 MiB, 11331 MiB, 3578 MiB, 58
2022/11/10 16:11:49.320, 58 %, 27 %, 15360 MiB, 11331 MiB, 3578 MiB, 58
2022/11/10 16:11:49.821, 100 %, 67 %, 15360 MiB, 11331 MiB, 3578 MiB, 58
2022/11/10 16:11:50.335, 100 %, 69 %, 15360 MiB, 11331 MiB, 3578 MiB, 59
2022/11/10 16:11:50.839, 23 %, 4 %, 15360 MiB, 11331 MiB, 3578 MiB, 59
2022/11/10 16:11:51.341, 100 %, 62 %, 15360 MiB, 11331 MiB, 3578 MiB, 58
2022/11/10 16:11:51.842, 100 %, 60 %, 15360 MiB, 11331 MiB, 3578 MiB, 59
2022/11/10 16:11:52.344, 24 %, 29 %, 15360 MiB, 11331 MiB, 3578 MiB, 59
2022/11/10 16:11:52.846, 92 %, 59 %, 15360 MiB, 11331 MiB, 3578 MiB, 58
2022/11/10 16:11:53.347, 95 %, 63 %, 15360 MiB, 11331 MiB, 3578 MiB, 59
2022/11/10 16:11:53.848, 43 %, 17 %, 15360 MiB, 11331 MiB, 3578 MiB, 59
2022/11/10 16:11:54.350, 100 %, 63 %, 15360 MiB, 11331 MiB, 3578 MiB, 58
2022/11/10 16:11:54.851, 100 %, 63 %, 15360 MiB, 11331 MiB, 3578 MiB, 59
2022/11/10 16:11:55.353, 10 %, 6 %, 15360 MiB, 11331 MiB, 3578 MiB, 59
2022/11/10 16:11:55.854, 73 %, 48 %, 15360 MiB, 11331 MiB, 3578 MiB, 58
2022/11/10 16:11:56.355, 100 %, 64 %, 15360 MiB, 11331 MiB, 3578 MiB, 59
2022/11/10 16:11:56.857, 60 %, 31 %, 15360 MiB, 11331 MiB, 3578 MiB, 59
2022/11/10 16:11:57.358, 100 %, 63 %, 15360 MiB, 11331 MiB, 3578 MiB, 58
2022/11/10 16:11:57.859, 100 %, 66 %, 15360 MiB, 11331 MiB, 3578 MiB, 59
2022/11/10 16:11:58.417, 20 %, 2 %, 15360 MiB, 11331 MiB, 3578 MiB, 59
2022/11/10 16:11:58.919, 54 %, 46 %, 15360 MiB, 11331 MiB, 3578 MiB, 58
2022/11/10 16:11:59.420, 100 %, 58 %, 15360 MiB, 11331 MiB, 3578 MiB, 59
2022/11/10 16:11:59.921, 80 %, 41 %, 15360 MiB, 11331 MiB, 3578 MiB, 59
2022/11/10 16:12:00.423, 94 %, 61 %, 15360 MiB, 11331 MiB, 3578 MiB, 58
2022/11/10 16:12:00.924, 100 %, 66 %, 15360 MiB, 11331 MiB, 3578 MiB, 60
2022/11/10 16:12:01.425, 38 %, 12 %, 15360 MiB, 11331 MiB, 3578 MiB, 59
2022/11/10 16:12:01.927, 29 %, 34 %, 15360 MiB, 11331 MiB, 3578 MiB, 59
2022/11/10 16:12:02.428, 100 %, 61 %, 15360 MiB, 11331 MiB, 3578 MiB, 60
2022/11/10 16:12:02.929, 94 %, 60 %, 15360 MiB, 11331 MiB, 3578 MiB, 60
2022/11/10 16:12:03.431, 65 %, 46 %, 15360 MiB, 11331 MiB, 3578 MiB, 59
2022/11/10 16:12:03.932, 100 %, 58 %, 15360 MiB, 11331 MiB, 3578 MiB, 60
2022/11/10 16:12:04.435, 64 %, 35 %, 15360 MiB, 11331 MiB, 3578 MiB, 60
2022/11/10 16:12:04.936, 100 %, 70 %, 15360 MiB, 11331 MiB, 3578 MiB, 59
2022/11/10 16:12:05.438, 100 %, 64 %, 15360 MiB, 11331 MiB, 3578 MiB, 60
2022/11/10 16:12:05.939, 26 %, 5 %, 15360 MiB, 11331 MiB, 3578 MiB, 60
2022/11/10 16:12:06.442, 45 %, 35 %, 15360 MiB, 11331 MiB, 3578 MiB, 59
2022/11/10 16:12:06.943, 100 %, 59 %, 15360 MiB, 11331 MiB, 3578 MiB, 60
2022/11/10 16:12:07.445, 86 %, 43 %, 15360 MiB, 11331 MiB, 3578 MiB, 60
2022/11/10 16:12:07.978, 85 %, 48 %, 15360 MiB, 11331 MiB, 3578 MiB, 59
2022/11/10 16:12:08.479, 100 %, 64 %, 15360 MiB, 11331 MiB, 3578 MiB, 60
2022/11/10 16:12:08.981, 46 %, 21 %, 15360 MiB, 11331 MiB, 3578 MiB, 60
2022/11/10 16:12:09.482, 26 %, 34 %, 15360 MiB, 11331 MiB, 3578 MiB, 59
2022/11/10 16:12:09.983, 100 %, 68 %, 15360 MiB, 11331 MiB, 3578 MiB, 60
2022/11/10 16:12:10.485, 94 %, 61 %, 15360 MiB, 11331 MiB, 3578 MiB, 60
2022/11/10 16:12:10.986, 66 %, 40 %, 15360 MiB, 11331 MiB, 3578 MiB, 59
2022/11/10 16:12:11.489, 100 %, 59 %, 15360 MiB, 11331 MiB, 3578 MiB, 60
2022/11/10 16:12:11.990, 67 %, 36 %, 15360 MiB, 11331 MiB, 3578 MiB, 60
2022/11/10 16:12:12.492, 11 %, 9 %, 15360 MiB, 11331 MiB, 3578 MiB, 60
2022/11/10 16:12:12.994, 100 %, 69 %, 15360 MiB, 11331 MiB, 3578 MiB, 60
2022/11/10 16:12:13.495, 100 %, 68 %, 15360 MiB, 11331 MiB, 3578 MiB, 60
2022/11/10 16:12:13.997, 48 %, 41 %, 15360 MiB, 11331 MiB, 3578 MiB, 60
2022/11/10 16:12:14.498, 100 %, 64 %, 15360 MiB, 11331 MiB, 3578 MiB, 60
2022/11/10 16:12:15.001, 86 %, 45 %, 15360 MiB, 11331 MiB, 3578 MiB, 60
2022/11/10 16:12:15.502, 18 %, 0 %, 15360 MiB, 11331 MiB, 3578 MiB, 60
2022/11/10 16:12:16.004, 100 %, 61 %, 15360 MiB, 11331 MiB, 3578 MiB, 60
2022/11/10 16:12:16.506, 100 %, 60 %, 15360 MiB, 11331 MiB, 3578 MiB, 60
2022/11/10 16:12:17.008, 25 %, 28 %, 15360 MiB, 11331 MiB, 3578 MiB, 60
2022/11/10 16:12:17.551, 94 %, 61 %, 15360 MiB, 11331 MiB, 3578 MiB, 60
2022/11/10 16:12:18.053, 94 %, 59 %, 15360 MiB, 11331 MiB, 3578 MiB, 61
2022/11/10 16:12:18.555, 37 %, 12 %, 15360 MiB, 11331 MiB, 3578 MiB, 60
2022/11/10 16:12:19.056, 100 %, 61 %, 15360 MiB, 11331 MiB, 3578 MiB, 60
2022/11/10 16:12:19.557, 100 %, 57 %, 15360 MiB, 11331 MiB, 3578 MiB, 61
2022/11/10 16:12:20.060, 11 %, 8 %, 15360 MiB, 11331 MiB, 3578 MiB, 60
2022/11/10 16:12:20.562, 73 %, 44 %, 15360 MiB, 11331 MiB, 3578 MiB, 60
2022/11/10 16:12:21.105, 100 %, 67 %, 15360 MiB, 11331 MiB, 3578 MiB, 61
2022/11/10 16:12:21.607, 56 %, 29 %, 15360 MiB, 11331 MiB, 3578 MiB, 61
2022/11/10 16:12:22.108, 100 %, 66 %, 15360 MiB, 11331 MiB, 3578 MiB, 60
2022/11/10 16:12:22.609, 100 %, 68 %, 15360 MiB, 11331 MiB, 3578 MiB, 61
2022/11/10 16:12:23.111, 18 %, 1 %, 15360 MiB, 11331 MiB, 3578 MiB, 61
2022/11/10 16:12:23.613, 60 %, 43 %, 15360 MiB, 11331 MiB, 3578 MiB, 60
2022/11/10 16:12:24.114, 100 %, 62 %, 15360 MiB, 11331 MiB, 3578 MiB, 61
2022/11/10 16:12:24.615, 32 %, 37 %, 15360 MiB, 11331 MiB, 3578 MiB, 61
2022/11/10 16:12:25.118, 100 %, 69 %, 15360 MiB, 11331 MiB, 3578 MiB, 60
2022/11/10 16:12:25.619, 93 %, 58 %, 15360 MiB, 11331 MiB, 3578 MiB, 61
2022/11/10 16:12:26.120, 32 %, 8 %, 15360 MiB, 11331 MiB, 3578 MiB, 61
2022/11/10 16:12:26.622, 100 %, 61 %, 15360 MiB, 11331 MiB, 3578 MiB, 60
2022/11/10 16:12:27.123, 100 %, 56 %, 15360 MiB, 11331 MiB, 3578 MiB, 61
2022/11/10 16:12:27.625, 19 %, 23 %, 15360 MiB, 11331 MiB, 3578 MiB, 61
2022/11/10 16:12:28.126, 91 %, 59 %, 15360 MiB, 11331 MiB, 3578 MiB, 60
2022/11/10 16:12:28.627, 95 %, 58 %, 15360 MiB, 11331 MiB, 3578 MiB, 61
2022/11/10 16:12:29.129, 42 %, 15 %, 15360 MiB, 11331 MiB, 3578 MiB, 61
2022/11/10 16:12:29.631, 100 %, 61 %, 15360 MiB, 11331 MiB, 3578 MiB, 60
2022/11/10 16:12:30.132, 100 %, 63 %, 15360 MiB, 11331 MiB, 3578 MiB, 61
2022/11/10 16:12:30.695, 11 %, 5 %, 15360 MiB, 11331 MiB, 3578 MiB, 61
2022/11/10 16:12:31.197, 72 %, 50 %, 15360 MiB, 11331 MiB, 3578 MiB, 60
2022/11/10 16:12:31.698, 100 %, 64 %, 15360 MiB, 11331 MiB, 3578 MiB, 61
2022/11/10 16:12:32.200, 62 %, 29 %, 15360 MiB, 11331 MiB, 3578 MiB, 61
2022/11/10 16:12:32.702, 100 %, 64 %, 15360 MiB, 11331 MiB, 3578 MiB, 60
2022/11/10 16:12:33.203, 100 %, 67 %, 15360 MiB, 11331 MiB, 3578 MiB, 62
2022/11/10 16:12:33.705, 20 %, 2 %, 15360 MiB, 11331 MiB, 3578 MiB, 61
2022/11/10 16:12:34.207, 52 %, 45 %, 15360 MiB, 11331 MiB, 3578 MiB, 61
2022/11/10 16:12:34.708, 100 %, 59 %, 15360 MiB, 11331 MiB, 3578 MiB, 62
2022/11/10 16:12:35.210, 70 %, 37 %, 15360 MiB, 11331 MiB, 3578 MiB, 62
2022/11/10 16:12:35.711, 100 %, 67 %, 15360 MiB, 11331 MiB, 3578 MiB, 61
2022/11/10 16:12:36.213, 100 %, 65 %, 15360 MiB, 11331 MiB, 3578 MiB, 62
2022/11/10 16:12:36.714, 30 %, 7 %, 15360 MiB, 11331 MiB, 3578 MiB, 62
2022/11/10 16:12:37.216, 43 %, 38 %, 15360 MiB, 11331 MiB, 3578 MiB, 61
2022/11/10 16:12:37.717, 100 %, 53 %, 15360 MiB, 11331 MiB, 3578 MiB, 62
2022/11/10 16:12:38.218, 91 %, 46 %, 15360 MiB, 11331 MiB, 3578 MiB, 62
2022/11/10 16:12:38.720, 79 %, 51 %, 15360 MiB, 11331 MiB, 3578 MiB, 61
2022/11/10 16:12:39.221, 0 %, 0 %, 15360 MiB, 11331 MiB, 3578 MiB, 60
2022/11/10 16:12:39.723, 0 %, 0 %, 15360 MiB, 11329 MiB, 3580 MiB, 61
2022/11/10 16:12:40.253, 81 %, 35 %, 15360 MiB, 11327 MiB, 3582 MiB, 61
2022/11/10 16:12:40.755, 77 %, 33 %, 15360 MiB, 11327 MiB, 3582 MiB, 61
2022/11/10 16:12:41.256, 21 %, 10 %, 15360 MiB, 11327 MiB, 3582 MiB, 60
2022/11/10 16:12:41.757, 20 %, 9 %, 15360 MiB, 11327 MiB, 3582 MiB, 61
2022/11/10 16:12:42.259, 19 %, 9 %, 15360 MiB, 11327 MiB, 3582 MiB, 61
2022/11/10 16:12:42.760, 94 %, 41 %, 15360 MiB, 11327 MiB, 3582 MiB, 61
2022/11/10 16:12:43.261, 91 %, 39 %, 15360 MiB, 11327 MiB, 3582 MiB, 60
2022/11/10 16:12:43.762, 16 %, 8 %, 15360 MiB, 11327 MiB, 3582 MiB, 62
2022/11/10 16:12:44.264, 16 %, 7 %, 15360 MiB, 11327 MiB, 3582 MiB, 61
2022/11/10 16:12:44.766, 97 %, 41 %, 15360 MiB, 11327 MiB, 3582 MiB, 61
2022/11/10 16:12:45.267, 93 %, 37 %, 15360 MiB, 11327 MiB, 3582 MiB, 60
2022/11/10 16:12:45.769, 23 %, 9 %, 15360 MiB, 11327 MiB, 3582 MiB, 61
2022/11/10 16:12:46.270, 27 %, 11 %, 15360 MiB, 11327 MiB, 3582 MiB, 61
2022/11/10 16:12:46.772, 72 %, 29 %, 15360 MiB, 11327 MiB, 3582 MiB, 60
2022/11/10 16:12:47.273, 55 %, 26 %, 15360 MiB, 11327 MiB, 3582 MiB, 62
2022/11/10 16:12:47.775, 65 %, 27 %, 15360 MiB, 11327 MiB, 3582 MiB, 61
2022/11/10 16:12:48.277, 73 %, 31 %, 15360 MiB, 11327 MiB, 3582 MiB, 61
2022/11/10 16:12:48.778, 16 %, 8 %, 15360 MiB, 11327 MiB, 3582 MiB, 61
2022/11/10 16:12:49.280, 11 %, 3 %, 15360 MiB, 11327 MiB, 3582 MiB, 61
2022/11/10 16:12:49.781, 89 %, 36 %, 15360 MiB, 11327 MiB, 3582 MiB, 61
2022/11/10 16:12:50.283, 79 %, 32 %, 15360 MiB, 11327 MiB, 3582 MiB, 61
2022/11/10 16:12:50.784, 47 %, 20 %, 15360 MiB, 11327 MiB, 3582 MiB, 61
2022/11/10 16:12:51.286, 52 %, 22 %, 15360 MiB, 11327 MiB, 3582 MiB, 61
2022/11/10 16:12:51.788, 61 %, 27 %, 15360 MiB, 11327 MiB, 3582 MiB, 61
2022/11/10 16:12:52.289, 29 %, 16 %, 15360 MiB, 11327 MiB, 3582 MiB, 62
2022/11/10 16:12:52.791, 16 %, 7 %, 15360 MiB, 11327 MiB, 3582 MiB, 62
2022/11/10 16:12:53.292, 96 %, 38 %, 15360 MiB, 11327 MiB, 3582 MiB, 61
2022/11/10 16:12:53.794, 92 %, 37 %, 15360 MiB, 11327 MiB, 3582 MiB, 61
2022/11/10 16:12:54.307, 39 %, 17 %, 15360 MiB, 11327 MiB, 3582 MiB, 62
2022/11/10 16:12:54.810, 54 %, 22 %, 15360 MiB, 11327 MiB, 3582 MiB, 61
2022/11/10 16:12:55.311, 57 %, 26 %, 15360 MiB, 11327 MiB, 3582 MiB, 61
2022/11/10 16:12:55.812, 45 %, 19 %, 15360 MiB, 11327 MiB, 3582 MiB, 61
2022/11/10 16:12:56.313, 91 %, 37 %, 15360 MiB, 11327 MiB, 3582 MiB, 61
2022/11/10 16:12:56.815, 94 %, 40 %, 15360 MiB, 11327 MiB, 3582 MiB, 61
2022/11/10 16:12:57.316, 22 %, 8 %, 15360 MiB, 11327 MiB, 3582 MiB, 62
2022/11/10 16:12:57.856, 30 %, 12 %, 15360 MiB, 11327 MiB, 3582 MiB, 61
2022/11/10 16:12:58.358, 63 %, 28 %, 15360 MiB, 11327 MiB, 3582 MiB, 61
2022/11/10 16:12:58.859, 45 %, 21 %, 15360 MiB, 11327 MiB, 3582 MiB, 62
2022/11/10 16:12:59.360, 73 %, 31 %, 15360 MiB, 11327 MiB, 3582 MiB, 62
2022/11/10 16:12:59.862, 73 %, 29 %, 15360 MiB, 11327 MiB, 3582 MiB, 61
2022/11/10 16:13:00.363, 19 %, 8 %, 15360 MiB, 11327 MiB, 3582 MiB, 61
2022/11/10 16:13:00.864, 14 %, 4 %, 15360 MiB, 11327 MiB, 3582 MiB, 62
2022/11/10 16:13:01.380, 89 %, 36 %, 15360 MiB, 11327 MiB, 3582 MiB, 61
2022/11/10 16:13:01.882, 76 %, 31 %, 15360 MiB, 11327 MiB, 3582 MiB, 61
2022/11/10 16:13:02.383, 41 %, 18 %, 15360 MiB, 11327 MiB, 3582 MiB, 62
2022/11/10 16:13:02.884, 50 %, 21 %, 15360 MiB, 11327 MiB, 3582 MiB, 61
2022/11/10 16:13:03.386, 39 %, 19 %, 15360 MiB, 11327 MiB, 3582 MiB, 61
2022/11/10 16:13:03.887, 22 %, 11 %, 15360 MiB, 11327 MiB, 3582 MiB, 62
2022/11/10 16:13:04.388, 80 %, 34 %, 15360 MiB, 11327 MiB, 3582 MiB, 62
2022/11/10 16:13:04.902, 90 %, 38 %, 15360 MiB, 11327 MiB, 3582 MiB, 61
2022/11/10 16:13:05.403, 11 %, 3 %, 15360 MiB, 11327 MiB, 3582 MiB, 61
2022/11/10 16:13:05.905, 25 %, 10 %, 15360 MiB, 11327 MiB, 3582 MiB, 62
2022/11/10 16:13:06.407, 80 %, 33 %, 15360 MiB, 11327 MiB, 3582 MiB, 61
2022/11/10 16:13:06.908, 65 %, 27 %, 15360 MiB, 11327 MiB, 3582 MiB, 61
2022/11/10 16:13:07.409, 53 %, 25 %, 15360 MiB, 11327 MiB, 3582 MiB, 62
2022/11/10 16:13:07.911, 74 %, 30 %, 15360 MiB, 11327 MiB, 3582 MiB, 61
2022/11/10 16:13:08.412, 85 %, 36 %, 15360 MiB, 11327 MiB, 3582 MiB, 61
2022/11/10 16:13:08.913, 20 %, 6 %, 15360 MiB, 11327 MiB, 3582 MiB, 62
2022/11/10 16:13:09.416, 22 %, 9 %, 15360 MiB, 11327 MiB, 3582 MiB, 62
2022/11/10 16:13:09.917, 66 %, 28 %, 15360 MiB, 11327 MiB, 3582 MiB, 61
2022/11/10 16:13:10.418, 51 %, 23 %, 15360 MiB, 11327 MiB, 3582 MiB, 62
2022/11/10 16:13:10.920, 67 %, 27 %, 15360 MiB, 11327 MiB, 3582 MiB, 62
2022/11/10 16:13:11.422, 74 %, 32 %, 15360 MiB, 11327 MiB, 3582 MiB, 61
2022/11/10 16:13:11.927, 22 %, 11 %, 15360 MiB, 11327 MiB, 3582 MiB, 62
2022/11/10 16:13:12.428, 21 %, 10 %, 15360 MiB, 11327 MiB, 3582 MiB, 62
2022/11/10 16:13:12.930, 97 %, 39 %, 15360 MiB, 11327 MiB, 3582 MiB, 61
2022/11/10 16:13:13.431, 92 %, 37 %, 15360 MiB, 11327 MiB, 3582 MiB, 61
2022/11/10 16:13:13.933, 36 %, 15 %, 15360 MiB, 11327 MiB, 3582 MiB, 62
2022/11/10 16:13:14.434, 34 %, 14 %, 15360 MiB, 11327 MiB, 3582 MiB, 62
2022/11/10 16:13:14.936, 76 %, 30 %, 15360 MiB, 11327 MiB, 3582 MiB, 61
2022/11/10 16:13:15.452, 70 %, 30 %, 15360 MiB, 11327 MiB, 3582 MiB, 61
2022/11/10 16:13:15.953, 35 %, 15 %, 15360 MiB, 11327 MiB, 3582 MiB, 62
2022/11/10 16:13:16.456, 47 %, 20 %, 15360 MiB, 11327 MiB, 3582 MiB, 62
2022/11/10 16:13:16.957, 43 %, 20 %, 15360 MiB, 11327 MiB, 3582 MiB, 61
2022/11/10 16:13:17.458, 26 %, 11 %, 15360 MiB, 11327 MiB, 3582 MiB, 62
2022/11/10 16:13:17.960, 95 %, 38 %, 15360 MiB, 11327 MiB, 3582 MiB, 61
2022/11/10 16:13:18.463, 80 %, 32 %, 15360 MiB, 11327 MiB, 3582 MiB, 61
2022/11/10 16:13:18.964, 66 %, 29 %, 15360 MiB, 11327 MiB, 3582 MiB, 62
2022/11/10 16:13:19.465, 64 %, 28 %, 15360 MiB, 11327 MiB, 3582 MiB, 62
2022/11/10 16:13:19.967, 73 %, 31 %, 15360 MiB, 11327 MiB, 3582 MiB, 61
2022/11/10 16:13:20.468, 17 %, 7 %, 15360 MiB, 11327 MiB, 3582 MiB, 62
2022/11/10 16:13:20.969, 15 %, 5 %, 15360 MiB, 11327 MiB, 3582 MiB, 62
2022/11/10 16:13:21.471, 92 %, 36 %, 15360 MiB, 11327 MiB, 3582 MiB, 61
2022/11/10 16:13:21.972, 75 %, 32 %, 15360 MiB, 11327 MiB, 3582 MiB, 62
2022/11/10 16:13:22.473, 49 %, 21 %, 15360 MiB, 11327 MiB, 3582 MiB, 62
2022/11/10 16:13:22.975, 62 %, 28 %, 15360 MiB, 11327 MiB, 3582 MiB, 61
2022/11/10 16:13:23.476, 38 %, 19 %, 15360 MiB, 11327 MiB, 3582 MiB, 61
2022/11/10 16:13:23.977, 23 %, 9 %, 15360 MiB, 11327 MiB, 3582 MiB, 62
2022/11/10 16:13:24.479, 98 %, 39 %, 15360 MiB, 11327 MiB, 3582 MiB, 61
2022/11/10 16:13:24.980, 80 %, 32 %, 15360 MiB, 11327 MiB, 3582 MiB, 61
2022/11/10 16:13:25.481, 55 %, 23 %, 15360 MiB, 11327 MiB, 3582 MiB, 62
2022/11/10 16:13:26.017, 63 %, 27 %, 15360 MiB, 11327 MiB, 3582 MiB, 61
2022/11/10 16:13:26.518, 37 %, 18 %, 15360 MiB, 11327 MiB, 3582 MiB, 61
2022/11/10 16:13:27.019, 26 %, 13 %, 15360 MiB, 11327 MiB, 3582 MiB, 62
2022/11/10 16:13:27.521, 99 %, 41 %, 15360 MiB, 11327 MiB, 3582 MiB, 61
2022/11/10 16:13:28.022, 94 %, 38 %, 15360 MiB, 11327 MiB, 3582 MiB, 61
2022/11/10 16:13:28.523, 30 %, 12 %, 15360 MiB, 11327 MiB, 3582 MiB, 62
2022/11/10 16:13:29.025, 37 %, 16 %, 15360 MiB, 11327 MiB, 3582 MiB, 62
2022/11/10 16:13:29.531, 69 %, 29 %, 15360 MiB, 11327 MiB, 3582 MiB, 61
2022/11/10 16:13:30.032, 55 %, 26 %, 15360 MiB, 11327 MiB, 3582 MiB, 62
2022/11/10 16:13:30.533, 65 %, 27 %, 15360 MiB, 11327 MiB, 3582 MiB, 62
2022/11/10 16:13:31.035, 74 %, 32 %, 15360 MiB, 11327 MiB, 3582 MiB, 61
2022/11/10 16:13:31.536, 82 %, 35 %, 15360 MiB, 11327 MiB, 3582 MiB, 61
2022/11/10 16:13:32.037, 17 %, 4 %, 15360 MiB, 11327 MiB, 3582 MiB, 62
2022/11/10 16:13:32.539, 14 %, 5 %, 15360 MiB, 11327 MiB, 3582 MiB, 61
2022/11/10 16:13:33.041, 77 %, 32 %, 15360 MiB, 11327 MiB, 3582 MiB, 61
2022/11/10 16:13:33.542, 69 %, 29 %, 15360 MiB, 11327 MiB, 3582 MiB, 62
2022/11/10 16:13:34.043, 62 %, 27 %, 15360 MiB, 11327 MiB, 3582 MiB, 62
2022/11/10 16:13:34.545, 66 %, 26 %, 15360 MiB, 11327 MiB, 3582 MiB, 61
2022/11/10 16:13:35.046, 34 %, 15 %, 15360 MiB, 11327 MiB, 3582 MiB, 61
2022/11/10 16:13:35.547, 30 %, 15 %, 15360 MiB, 11327 MiB, 3582 MiB, 62
2022/11/10 16:13:36.049, 86 %, 37 %, 15360 MiB, 11327 MiB, 3582 MiB, 61
2022/11/10 16:13:36.552, 96 %, 42 %, 15360 MiB, 11327 MiB, 3582 MiB, 61
2022/11/10 16:13:37.054, 11 %, 3 %, 15360 MiB, 11327 MiB, 3582 MiB, 62
2022/11/10 16:13:37.555, 20 %, 8 %, 15360 MiB, 11327 MiB, 3582 MiB, 62
2022/11/10 16:13:38.056, 68 %, 30 %, 15360 MiB, 11327 MiB, 3582 MiB, 61
2022/11/10 16:13:38.558, 56 %, 23 %, 15360 MiB, 11327 MiB, 3582 MiB, 61
2022/11/10 16:13:39.059, 68 %, 26 %, 15360 MiB, 11327 MiB, 3582 MiB, 62
2022/11/10 16:13:39.560, 73 %, 31 %, 15360 MiB, 11327 MiB, 3582 MiB, 61
2022/11/10 16:13:40.083, 31 %, 16 %, 15360 MiB, 11327 MiB, 3582 MiB, 61
2022/11/10 16:13:40.584, 30 %, 16 %, 15360 MiB, 11327 MiB, 3582 MiB, 62
2022/11/10 16:13:41.086, 97 %, 41 %, 15360 MiB, 11327 MiB, 3582 MiB, 62
2022/11/10 16:13:41.587, 97 %, 38 %, 15360 MiB, 11327 MiB, 3582 MiB, 61
2022/11/10 16:13:42.089, 25 %, 10 %, 15360 MiB, 11327 MiB, 3582 MiB, 62
2022/11/10 16:13:42.590, 37 %, 15 %, 15360 MiB, 11327 MiB, 3582 MiB, 62
2022/11/10 16:13:43.091, 58 %, 25 %, 15360 MiB, 11327 MiB, 3582 MiB, 61
2022/11/10 16:13:43.614, 42 %, 20 %, 15360 MiB, 11327 MiB, 3582 MiB, 62
2022/11/10 16:13:44.116, 32 %, 16 %, 15360 MiB, 11327 MiB, 3582 MiB, 62
2022/11/10 16:13:44.617, 85 %, 36 %, 15360 MiB, 11327 MiB, 3582 MiB, 61
2022/11/10 16:13:45.119, 98 %, 40 %, 15360 MiB, 11327 MiB, 3582 MiB, 62
2022/11/10 16:13:45.620, 23 %, 9 %, 15360 MiB, 11327 MiB, 3582 MiB, 62
2022/11/10 16:13:46.121, 30 %, 12 %, 15360 MiB, 11327 MiB, 3582 MiB, 61
2022/11/10 16:13:46.623, 65 %, 28 %, 15360 MiB, 11327 MiB, 3582 MiB, 61
2022/11/10 16:13:47.131, 56 %, 26 %, 15360 MiB, 11327 MiB, 3582 MiB, 62
2022/11/10 16:13:47.632, 60 %, 26 %, 15360 MiB, 11327 MiB, 3582 MiB, 62
2022/11/10 16:13:48.134, 78 %, 33 %, 15360 MiB, 11327 MiB, 3582 MiB, 61
2022/11/10 16:13:48.635, 19 %, 9 %, 15360 MiB, 11327 MiB, 3582 MiB, 62
2022/11/10 16:13:49.136, 23 %, 7 %, 15360 MiB, 11327 MiB, 3582 MiB, 62
2022/11/10 16:13:49.638, 79 %, 31 %, 15360 MiB, 11327 MiB, 3582 MiB, 61
2022/11/10 16:13:50.139, 68 %, 29 %, 15360 MiB, 11327 MiB, 3582 MiB, 62
2022/11/10 16:13:50.691, 64 %, 28 %, 15360 MiB, 11327 MiB, 3582 MiB, 62
2022/11/10 16:13:51.193, 72 %, 28 %, 15360 MiB, 11327 MiB, 3582 MiB, 61
2022/11/10 16:13:51.695, 20 %, 10 %, 15360 MiB, 11327 MiB, 3582 MiB, 62
2022/11/10 16:13:52.196, 17 %, 6 %, 15360 MiB, 11327 MiB, 3582 MiB, 62
2022/11/10 16:13:52.697, 91 %, 37 %, 15360 MiB, 11327 MiB, 3582 MiB, 61
2022/11/10 16:13:53.199, 78 %, 32 %, 15360 MiB, 11327 MiB, 3582 MiB, 62
2022/11/10 16:13:53.700, 47 %, 19 %, 15360 MiB, 11327 MiB, 3582 MiB, 62
2022/11/10 16:13:54.217, 47 %, 20 %, 15360 MiB, 11327 MiB, 3582 MiB, 61
2022/11/10 16:13:54.718, 58 %, 27 %, 15360 MiB, 11327 MiB, 3582 MiB, 61
2022/11/10 16:13:55.219, 51 %, 25 %, 15360 MiB, 11327 MiB, 3582 MiB, 62
2022/11/10 16:13:55.721, 71 %, 29 %, 15360 MiB, 11327 MiB, 3582 MiB, 62
2022/11/10 16:13:56.222, 68 %, 27 %, 15360 MiB, 11327 MiB, 3582 MiB, 61
2022/11/10 16:13:56.724, 30 %, 13 %, 15360 MiB, 11327 MiB, 3582 MiB, 61
2022/11/10 16:13:57.225, 33 %, 17 %, 15360 MiB, 11327 MiB, 3582 MiB, 62
2022/11/10 16:13:57.726, 96 %, 42 %, 15360 MiB, 11327 MiB, 3582 MiB, 62
2022/11/10 16:13:58.227, 94 %, 38 %, 15360 MiB, 11327 MiB, 3582 MiB, 61
2022/11/10 16:13:58.729, 81 %, 33 %, 15360 MiB, 11327 MiB, 3582 MiB, 62
2022/11/10 16:13:59.230, 41 %, 18 %, 15360 MiB, 11327 MiB, 3582 MiB, 62
2022/11/10 16:13:59.732, 56 %, 24 %, 15360 MiB, 11327 MiB, 3582 MiB, 61
2022/11/10 16:14:00.234, 41 %, 19 %, 15360 MiB, 11327 MiB, 3582 MiB, 61
2022/11/10 16:14:00.735, 75 %, 29 %, 15360 MiB, 11327 MiB, 3582 MiB, 62
2022/11/10 16:14:01.273, 88 %, 38 %, 15360 MiB, 11327 MiB, 3582 MiB, 61
2022/11/10 16:14:01.775, 99 %, 40 %, 15360 MiB, 11327 MiB, 3582 MiB, 62
2022/11/10 16:14:02.276, 30 %, 12 %, 15360 MiB, 11327 MiB, 3582 MiB, 62
2022/11/10 16:14:02.778, 43 %, 17 %, 15360 MiB, 11327 MiB, 3582 MiB, 61
2022/11/10 16:14:03.279, 63 %, 27 %, 15360 MiB, 11327 MiB, 3582 MiB, 61
2022/11/10 16:14:03.780, 50 %, 24 %, 15360 MiB, 11327 MiB, 3582 MiB, 62
2022/11/10 16:14:04.281, 74 %, 30 %, 15360 MiB, 11327 MiB, 3582 MiB, 61
2022/11/10 16:14:04.792, 85 %, 36 %, 15360 MiB, 11327 MiB, 3582 MiB, 61
2022/11/10 16:14:05.293, 14 %, 6 %, 15360 MiB, 11327 MiB, 3582 MiB, 62
2022/11/10 16:14:05.795, 15 %, 4 %, 15360 MiB, 11327 MiB, 3582 MiB, 62
2022/11/10 16:14:06.296, 84 %, 34 %, 15360 MiB, 11327 MiB, 3582 MiB, 61
2022/11/10 16:14:06.797, 72 %, 29 %, 15360 MiB, 11327 MiB, 3582 MiB, 62
2022/11/10 16:14:07.299, 0 %, 0 %, 15360 MiB, 11327 MiB, 3582 MiB, 61
2022/11/10 16:14:07.800, 0 %, 0 %, 15360 MiB, 11327 MiB, 3582 MiB, 61
2022/11/10 16:14:08.301, 77 %, 2 %, 15360 MiB, 10293 MiB, 4616 MiB, 60
2022/11/10 16:14:08.825, 0 %, 0 %, 15360 MiB, 10293 MiB, 4616 MiB, 60
2022/11/10 16:14:09.327, 0 %, 0 %, 15360 MiB, 10293 MiB, 4616 MiB, 60
2022/11/10 16:14:09.828, 0 %, 0 %, 15360 MiB, 10293 MiB, 4616 MiB, 60
2022/11/10 16:14:10.333, 0 %, 0 %, 15360 MiB, 9401 MiB, 5508 MiB, 60
2022/11/10 16:14:10.842, 100 %, 22 %, 15360 MiB, 9401 MiB, 5508 MiB, 61
2022/11/10 16:14:11.343, 100 %, 28 %, 15360 MiB, 9319 MiB, 5590 MiB, 61
2022/11/10 16:14:11.844, 98 %, 33 %, 15360 MiB, 9319 MiB, 5590 MiB, 62
2022/11/10 16:14:12.346, 100 %, 37 %, 15360 MiB, 9319 MiB, 5590 MiB, 62
2022/11/10 16:14:12.848, 100 %, 22 %, 15360 MiB, 9237 MiB, 5672 MiB, 62
2022/11/10 16:14:13.349, 100 %, 31 %, 15360 MiB, 9237 MiB, 5672 MiB, 62
2022/11/10 16:14:13.851, 100 %, 33 %, 15360 MiB, 9237 MiB, 5672 MiB, 62
2022/11/10 16:14:14.352, 100 %, 36 %, 15360 MiB, 9237 MiB, 5672 MiB, 62
2022/11/10 16:14:14.854, 100 %, 26 %, 15360 MiB, 9237 MiB, 5672 MiB, 62
2022/11/10 16:14:15.372, 95 %, 33 %, 15360 MiB, 9237 MiB, 5672 MiB, 62
2022/11/10 16:14:15.873, 100 %, 37 %, 15360 MiB, 9237 MiB, 5672 MiB, 62
2022/11/10 16:14:16.375, 100 %, 32 %, 15360 MiB, 9237 MiB, 5672 MiB, 62
2022/11/10 16:14:16.876, 100 %, 31 %, 15360 MiB, 9237 MiB, 5672 MiB, 63
2022/11/10 16:14:17.378, 92 %, 26 %, 15360 MiB, 9237 MiB, 5672 MiB, 63
2022/11/10 16:14:17.879, 100 %, 37 %, 15360 MiB, 9237 MiB, 5672 MiB, 63
2022/11/10 16:14:18.398, 100 %, 29 %, 15360 MiB, 9237 MiB, 5672 MiB, 63
2022/11/10 16:14:18.899, 92 %, 32 %, 15360 MiB, 9237 MiB, 5672 MiB, 63
2022/11/10 16:14:19.401, 92 %, 27 %, 15360 MiB, 9237 MiB, 5672 MiB, 63
2022/11/10 16:14:19.903, 100 %, 27 %, 15360 MiB, 9237 MiB, 5672 MiB, 63
2022/11/10 16:14:20.404, 92 %, 31 %, 15360 MiB, 9237 MiB, 5672 MiB, 63
2022/11/10 16:14:20.906, 92 %, 28 %, 15360 MiB, 9237 MiB, 5672 MiB, 63
2022/11/10 16:14:21.417, 100 %, 33 %, 15360 MiB, 9237 MiB, 5672 MiB, 63
2022/11/10 16:14:21.918, 100 %, 17 %, 15360 MiB, 9237 MiB, 5672 MiB, 63
2022/11/10 16:14:22.420, 92 %, 26 %, 15360 MiB, 9237 MiB, 5672 MiB, 63
2022/11/10 16:14:22.921, 93 %, 29 %, 15360 MiB, 9237 MiB, 5672 MiB, 64
2022/11/10 16:14:23.423, 100 %, 23 %, 15360 MiB, 9237 MiB, 5672 MiB, 64
2022/11/10 16:14:23.924, 100 %, 23 %, 15360 MiB, 9237 MiB, 5672 MiB, 64
2022/11/10 16:14:24.444, 93 %, 29 %, 15360 MiB, 9237 MiB, 5672 MiB, 64
2022/11/10 16:14:24.945, 100 %, 31 %, 15360 MiB, 9237 MiB, 5672 MiB, 64
2022/11/10 16:14:25.447, 100 %, 16 %, 15360 MiB, 9237 MiB, 5672 MiB, 64
2022/11/10 16:14:25.948, 100 %, 24 %, 15360 MiB, 9237 MiB, 5672 MiB, 64
2022/11/10 16:14:26.450, 96 %, 32 %, 15360 MiB, 9237 MiB, 5672 MiB, 64
2022/11/10 16:14:26.952, 100 %, 40 %, 15360 MiB, 9237 MiB, 5672 MiB, 64
2022/11/10 16:14:27.453, 100 %, 19 %, 15360 MiB, 9237 MiB, 5672 MiB, 64
2022/11/10 16:14:27.956, 99 %, 35 %, 15360 MiB, 9237 MiB, 5672 MiB, 64
2022/11/10 16:14:28.457, 100 %, 36 %, 15360 MiB, 9237 MiB, 5672 MiB, 64
2022/11/10 16:14:28.958, 100 %, 35 %, 15360 MiB, 9237 MiB, 5672 MiB, 64
2022/11/10 16:14:29.460, 100 %, 32 %, 15360 MiB, 9237 MiB, 5672 MiB, 64
2022/11/10 16:14:29.961, 93 %, 29 %, 15360 MiB, 9237 MiB, 5672 MiB, 64
2022/11/10 16:14:30.497, 100 %, 33 %, 15360 MiB, 9237 MiB, 5672 MiB, 64
2022/11/10 16:14:30.999, 100 %, 28 %, 15360 MiB, 9237 MiB, 5672 MiB, 64
2022/11/10 16:14:31.500, 92 %, 34 %, 15360 MiB, 9237 MiB, 5672 MiB, 65
2022/11/10 16:14:32.002, 93 %, 27 %, 15360 MiB, 9237 MiB, 5672 MiB, 65
2022/11/10 16:14:32.503, 100 %, 33 %, 15360 MiB, 9237 MiB, 5672 MiB, 65
2022/11/10 16:14:33.004, 100 %, 15 %, 15360 MiB, 9237 MiB, 5672 MiB, 65
2022/11/10 16:14:33.542, 93 %, 29 %, 15360 MiB, 9237 MiB, 5672 MiB, 65
2022/11/10 16:14:34.043, 95 %, 31 %, 15360 MiB, 9237 MiB, 5672 MiB, 65
2022/11/10 16:14:34.544, 100 %, 19 %, 15360 MiB, 9237 MiB, 5672 MiB, 65
2022/11/10 16:14:35.046, 100 %, 26 %, 15360 MiB, 9237 MiB, 5672 MiB, 65
2022/11/10 16:14:35.547, 93 %, 28 %, 15360 MiB, 9237 MiB, 5672 MiB, 65
2022/11/10 16:14:36.049, 100 %, 35 %, 15360 MiB, 9237 MiB, 5672 MiB, 65
2022/11/10 16:14:36.564, 100 %, 24 %, 15360 MiB, 9237 MiB, 5672 MiB, 65
2022/11/10 16:14:37.066, 100 %, 35 %, 15360 MiB, 9237 MiB, 5672 MiB, 65
2022/11/10 16:14:37.568, 100 %, 33 %, 15360 MiB, 9237 MiB, 5672 MiB, 65
2022/11/10 16:14:38.069, 100 %, 36 %, 15360 MiB, 9237 MiB, 5672 MiB, 65
2022/11/10 16:14:38.571, 100 %, 28 %, 15360 MiB, 9237 MiB, 5672 MiB, 65
2022/11/10 16:14:39.073, 93 %, 34 %, 15360 MiB, 9237 MiB, 5672 MiB, 65
2022/11/10 16:14:39.617, 100 %, 41 %, 15360 MiB, 9237 MiB, 5672 MiB, 64
2022/11/10 16:14:40.118, 100 %, 34 %, 15360 MiB, 9237 MiB, 5672 MiB, 65
2022/11/10 16:14:40.620, 92 %, 35 %, 15360 MiB, 9237 MiB, 5672 MiB, 65
2022/11/10 16:14:41.121, 93 %, 27 %, 15360 MiB, 9237 MiB, 5672 MiB, 65
2022/11/10 16:14:41.623, 100 %, 32 %, 15360 MiB, 9237 MiB, 5672 MiB, 65
2022/11/10 16:14:42.124, 100 %, 15 %, 15360 MiB, 9237 MiB, 5672 MiB, 65
2022/11/10 16:14:42.651, 93 %, 28 %, 15360 MiB, 9237 MiB, 5672 MiB, 65
2022/11/10 16:14:43.153, 95 %, 31 %, 15360 MiB, 9237 MiB, 5672 MiB, 65
2022/11/10 16:14:43.654, 100 %, 17 %, 15360 MiB, 9237 MiB, 5672 MiB, 65
2022/11/10 16:14:44.155, 100 %, 25 %, 15360 MiB, 9237 MiB, 5672 MiB, 66
2022/11/10 16:14:44.657, 93 %, 30 %, 15360 MiB, 9237 MiB, 5672 MiB, 65
2022/11/10 16:14:45.159, 100 %, 34 %, 15360 MiB, 9237 MiB, 5672 MiB, 65
2022/11/10 16:14:45.691, 100 %, 25 %, 15360 MiB, 9237 MiB, 5672 MiB, 66
2022/11/10 16:14:46.193, 100 %, 32 %, 15360 MiB, 9237 MiB, 5672 MiB, 66
2022/11/10 16:14:46.694, 100 %, 33 %, 15360 MiB, 9237 MiB, 5672 MiB, 66
2022/11/10 16:14:47.196, 100 %, 37 %, 15360 MiB, 9237 MiB, 5672 MiB, 66
2022/11/10 16:14:47.698, 100 %, 33 %, 15360 MiB, 9237 MiB, 5672 MiB, 66
2022/11/10 16:14:48.199, 93 %, 31 %, 15360 MiB, 9237 MiB, 5672 MiB, 66
2022/11/10 16:14:48.744, 100 %, 38 %, 15360 MiB, 9237 MiB, 5672 MiB, 65
2022/11/10 16:14:49.247, 100 %, 32 %, 15360 MiB, 9237 MiB, 5672 MiB, 66
2022/11/10 16:14:49.748, 92 %, 30 %, 15360 MiB, 9237 MiB, 5672 MiB, 66
2022/11/10 16:14:50.250, 93 %, 26 %, 15360 MiB, 9237 MiB, 5672 MiB, 66
2022/11/10 16:14:50.751, 100 %, 32 %, 15360 MiB, 9237 MiB, 5672 MiB, 66
2022/11/10 16:14:51.253, 100 %, 17 %, 15360 MiB, 9237 MiB, 5672 MiB, 66
2022/11/10 16:14:51.764, 93 %, 28 %, 15360 MiB, 9237 MiB, 5672 MiB, 66
2022/11/10 16:14:52.267, 99 %, 33 %, 15360 MiB, 9237 MiB, 5672 MiB, 66
2022/11/10 16:14:52.768, 100 %, 15 %, 15360 MiB, 9237 MiB, 5672 MiB, 66
2022/11/10 16:14:53.270, 100 %, 23 %, 15360 MiB, 9237 MiB, 5672 MiB, 66
2022/11/10 16:14:53.771, 96 %, 32 %, 15360 MiB, 9237 MiB, 5672 MiB, 66
2022/11/10 16:14:54.273, 100 %, 39 %, 15360 MiB, 9237 MiB, 5672 MiB, 66
2022/11/10 16:14:54.812, 100 %, 25 %, 15360 MiB, 9237 MiB, 5672 MiB, 66
2022/11/10 16:14:55.314, 99 %, 34 %, 15360 MiB, 9237 MiB, 5672 MiB, 66
2022/11/10 16:14:55.815, 100 %, 36 %, 15360 MiB, 9237 MiB, 5672 MiB, 66
2022/11/10 16:14:56.317, 100 %, 34 %, 15360 MiB, 9237 MiB, 5672 MiB, 66
2022/11/10 16:14:56.818, 99 %, 34 %, 15360 MiB, 9237 MiB, 5672 MiB, 66
2022/11/10 16:14:57.320, 92 %, 27 %, 15360 MiB, 9237 MiB, 5672 MiB, 66
2022/11/10 16:14:57.868, 100 %, 36 %, 15360 MiB, 9237 MiB, 5672 MiB, 66
2022/11/10 16:14:58.369, 100 %, 25 %, 15360 MiB, 9237 MiB, 5672 MiB, 66
2022/11/10 16:14:58.871, 93 %, 25 %, 15360 MiB, 9237 MiB, 5672 MiB, 66
2022/11/10 16:14:59.373, 93 %, 30 %, 15360 MiB, 9237 MiB, 5672 MiB, 67
2022/11/10 16:14:59.874, 100 %, 25 %, 15360 MiB, 9237 MiB, 5672 MiB, 66
2022/11/10 16:15:00.375, 100 %, 24 %, 15360 MiB, 9237 MiB, 5672 MiB, 67
2022/11/10 16:15:00.899, 93 %, 31 %, 15360 MiB, 9237 MiB, 5672 MiB, 67
2022/11/10 16:15:01.401, 100 %, 33 %, 15360 MiB, 9237 MiB, 5672 MiB, 66
2022/11/10 16:15:01.902, 100 %, 20 %, 15360 MiB, 9237 MiB, 5672 MiB, 66
2022/11/10 16:15:02.404, 100 %, 31 %, 15360 MiB, 9237 MiB, 5672 MiB, 66
2022/11/10 16:15:02.906, 100 %, 32 %, 15360 MiB, 9237 MiB, 5672 MiB, 67
2022/11/10 16:15:03.407, 100 %, 36 %, 15360 MiB, 9237 MiB, 5672 MiB, 67
2022/11/10 16:15:03.937, 100 %, 29 %, 15360 MiB, 9237 MiB, 5672 MiB, 67
2022/11/10 16:15:04.438, 93 %, 32 %, 15360 MiB, 9237 MiB, 5672 MiB, 67
2022/11/10 16:15:04.940, 100 %, 37 %, 15360 MiB, 9237 MiB, 5672 MiB, 67
2022/11/10 16:15:05.441, 100 %, 26 %, 15360 MiB, 9237 MiB, 5672 MiB, 67
2022/11/10 16:15:05.943, 93 %, 34 %, 15360 MiB, 9237 MiB, 5672 MiB, 67
2022/11/10 16:15:06.444, 91 %, 27 %, 15360 MiB, 9237 MiB, 5672 MiB, 67
2022/11/10 16:15:06.980, 100 %, 34 %, 15360 MiB, 9237 MiB, 5672 MiB, 67
2022/11/10 16:15:07.482, 100 %, 15 %, 15360 MiB, 9237 MiB, 5672 MiB, 67
2022/11/10 16:15:07.983, 93 %, 28 %, 15360 MiB, 9237 MiB, 5672 MiB, 67
2022/11/10 16:15:08.485, 100 %, 33 %, 15360 MiB, 9237 MiB, 5672 MiB, 67
2022/11/10 16:15:08.986, 100 %, 14 %, 15360 MiB, 9237 MiB, 5672 MiB, 67
2022/11/10 16:15:09.488, 100 %, 24 %, 15360 MiB, 9237 MiB, 5672 MiB, 67
2022/11/10 16:15:10.030, 97 %, 32 %, 15360 MiB, 9237 MiB, 5672 MiB, 67
2022/11/10 16:15:10.531, 100 %, 37 %, 15360 MiB, 9237 MiB, 5672 MiB, 67
2022/11/10 16:15:11.033, 100 %, 25 %, 15360 MiB, 9237 MiB, 5672 MiB, 67
2022/11/10 16:15:11.534, 96 %, 31 %, 15360 MiB, 9237 MiB, 5672 MiB, 67
2022/11/10 16:15:12.037, 100 %, 38 %, 15360 MiB, 9237 MiB, 5672 MiB, 67
2022/11/10 16:15:12.538, 100 %, 31 %, 15360 MiB, 9237 MiB, 5672 MiB, 67
2022/11/10 16:15:13.071, 96 %, 35 %, 15360 MiB, 9237 MiB, 5672 MiB, 67
2022/11/10 16:15:13.573, 93 %, 29 %, 15360 MiB, 9237 MiB, 5672 MiB, 67
2022/11/10 16:15:14.075, 100 %, 32 %, 15360 MiB, 9237 MiB, 5672 MiB, 67
2022/11/10 16:15:14.577, 96 %, 35 %, 15360 MiB, 9237 MiB, 5672 MiB, 67
2022/11/10 16:15:15.078, 93 %, 28 %, 15360 MiB, 9237 MiB, 5672 MiB, 67
2022/11/10 16:15:15.580, 96 %, 32 %, 15360 MiB, 9237 MiB, 5672 MiB, 67
2022/11/10 16:15:16.107, 100 %, 15 %, 15360 MiB, 9237 MiB, 5672 MiB, 67
2022/11/10 16:15:16.609, 93 %, 29 %, 15360 MiB, 9237 MiB, 5672 MiB, 67
2022/11/10 16:15:17.110, 97 %, 32 %, 15360 MiB, 9237 MiB, 5672 MiB, 68
2022/11/10 16:15:17.612, 100 %, 15 %, 15360 MiB, 9237 MiB, 5672 MiB, 67
2022/11/10 16:15:18.113, 100 %, 23 %, 15360 MiB, 9237 MiB, 5672 MiB, 68
2022/11/10 16:15:18.614, 96 %, 32 %, 15360 MiB, 9237 MiB, 5672 MiB, 67
2022/11/10 16:15:19.153, 100 %, 39 %, 15360 MiB, 9237 MiB, 5672 MiB, 67
2022/11/10 16:15:19.654, 100 %, 31 %, 15360 MiB, 9237 MiB, 5672 MiB, 67
2022/11/10 16:15:20.156, 95 %, 32 %, 15360 MiB, 9237 MiB, 5672 MiB, 67
2022/11/10 16:15:20.658, 100 %, 37 %, 15360 MiB, 9237 MiB, 5672 MiB, 68
2022/11/10 16:15:21.159, 100 %, 32 %, 15360 MiB, 9237 MiB, 5672 MiB, 67
2022/11/10 16:15:21.661, 96 %, 36 %, 15360 MiB, 9237 MiB, 5672 MiB, 68
2022/11/10 16:15:22.173, 92 %, 28 %, 15360 MiB, 9237 MiB, 5672 MiB, 68
2022/11/10 16:15:22.675, 100 %, 36 %, 15360 MiB, 9237 MiB, 5672 MiB, 67
2022/11/10 16:15:23.177, 100 %, 15 %, 15360 MiB, 9237 MiB, 5672 MiB, 68
2022/11/10 16:15:23.679, 92 %, 30 %, 15360 MiB, 9237 MiB, 5672 MiB, 68
2022/11/10 16:15:24.180, 97 %, 32 %, 15360 MiB, 9237 MiB, 5672 MiB, 68
2022/11/10 16:15:24.681, 100 %, 15 %, 15360 MiB, 9237 MiB, 5672 MiB, 68
2022/11/10 16:15:25.199, 100 %, 26 %, 15360 MiB, 9237 MiB, 5672 MiB, 68
2022/11/10 16:15:25.700, 97 %, 32 %, 15360 MiB, 9237 MiB, 5672 MiB, 68
2022/11/10 16:15:26.202, 100 %, 37 %, 15360 MiB, 9237 MiB, 5672 MiB, 68
2022/11/10 16:15:26.703, 100 %, 23 %, 15360 MiB, 9237 MiB, 5672 MiB, 68
2022/11/10 16:15:27.204, 94 %, 31 %, 15360 MiB, 9237 MiB, 5672 MiB, 68
2022/11/10 16:15:27.706, 100 %, 38 %, 15360 MiB, 9237 MiB, 5672 MiB, 68
2022/11/10 16:15:28.224, 100 %, 30 %, 15360 MiB, 9237 MiB, 5672 MiB, 68
2022/11/10 16:15:28.726, 94 %, 31 %, 15360 MiB, 9237 MiB, 5672 MiB, 68
2022/11/10 16:15:29.227, 91 %, 28 %, 15360 MiB, 9237 MiB, 5672 MiB, 68
2022/11/10 16:15:29.729, 100 %, 30 %, 15360 MiB, 9237 MiB, 5672 MiB, 68
2022/11/10 16:15:30.231, 100 %, 15 %, 15360 MiB, 9237 MiB, 5672 MiB, 68
2022/11/10 16:15:30.732, 92 %, 28 %, 15360 MiB, 9237 MiB, 5672 MiB, 68
2022/11/10 16:15:31.253, 99 %, 32 %, 15360 MiB, 9237 MiB, 5672 MiB, 67
2022/11/10 16:15:31.755, 100 %, 14 %, 15360 MiB, 9237 MiB, 5672 MiB, 68
2022/11/10 16:15:32.256, 100 %, 26 %, 15360 MiB, 9237 MiB, 5672 MiB, 68
2022/11/10 16:15:32.758, 100 %, 33 %, 15360 MiB, 9237 MiB, 5672 MiB, 68
2022/11/10 16:15:33.260, 100 %, 36 %, 15360 MiB, 9237 MiB, 5672 MiB, 68
2022/11/10 16:15:33.761, 100 %, 25 %, 15360 MiB, 9237 MiB, 5672 MiB, 68
2022/11/10 16:15:34.274, 92 %, 29 %, 15360 MiB, 9237 MiB, 5672 MiB, 68
2022/11/10 16:15:34.776, 100 %, 37 %, 15360 MiB, 9237 MiB, 5672 MiB, 68
2022/11/10 16:15:35.277, 100 %, 31 %, 15360 MiB, 9237 MiB, 5672 MiB, 68
2022/11/10 16:15:35.779, 90 %, 28 %, 15360 MiB, 9237 MiB, 5672 MiB, 68
2022/11/10 16:15:36.281, 100 %, 34 %, 15360 MiB, 9237 MiB, 5672 MiB, 69
2022/11/10 16:15:36.782, 100 %, 34 %, 15360 MiB, 9237 MiB, 5672 MiB, 68
2022/11/10 16:15:37.303, 100 %, 17 %, 15360 MiB, 9237 MiB, 5672 MiB, 68
2022/11/10 16:15:37.806, 92 %, 26 %, 15360 MiB, 9237 MiB, 5672 MiB, 68
2022/11/10 16:15:38.307, 100 %, 29 %, 15360 MiB, 9237 MiB, 5672 MiB, 68
2022/11/10 16:15:38.809, 100 %, 14 %, 15360 MiB, 9237 MiB, 5672 MiB, 68
2022/11/10 16:15:39.310, 92 %, 27 %, 15360 MiB, 9237 MiB, 5672 MiB, 68
2022/11/10 16:15:39.812, 100 %, 31 %, 15360 MiB, 9237 MiB, 5672 MiB, 69
2022/11/10 16:15:40.321, 100 %, 15 %, 15360 MiB, 9237 MiB, 5672 MiB, 68
2022/11/10 16:15:40.823, 100 %, 31 %, 15360 MiB, 9237 MiB, 5672 MiB, 68
2022/11/10 16:15:41.325, 100 %, 31 %, 15360 MiB, 9237 MiB, 5672 MiB, 68
2022/11/10 16:15:41.826, 100 %, 35 %, 15360 MiB, 9237 MiB, 5672 MiB, 68
2022/11/10 16:15:42.328, 100 %, 28 %, 15360 MiB, 9237 MiB, 5672 MiB, 68
2022/11/10 16:15:42.829, 92 %, 29 %, 15360 MiB, 9237 MiB, 5672 MiB, 68
2022/11/10 16:15:43.352, 100 %, 38 %, 15360 MiB, 9237 MiB, 5672 MiB, 68
2022/11/10 16:15:43.853, 100 %, 23 %, 15360 MiB, 9237 MiB, 5672 MiB, 68
2022/11/10 16:15:44.355, 91 %, 27 %, 15360 MiB, 9237 MiB, 5672 MiB, 69
2022/11/10 16:15:44.856, 93 %, 31 %, 15360 MiB, 9237 MiB, 5672 MiB, 69
2022/11/10 16:15:45.358, 100 %, 21 %, 15360 MiB, 9237 MiB, 5672 MiB, 69
2022/11/10 16:15:45.859, 100 %, 25 %, 15360 MiB, 9237 MiB, 5672 MiB, 69
2022/11/10 16:15:46.384, 93 %, 30 %, 15360 MiB, 9237 MiB, 5672 MiB, 69
2022/11/10 16:15:46.886, 100 %, 37 %, 15360 MiB, 9237 MiB, 5672 MiB, 69
2022/11/10 16:15:47.388, 100 %, 22 %, 15360 MiB, 9237 MiB, 5672 MiB, 69
2022/11/10 16:15:47.889, 97 %, 35 %, 15360 MiB, 9237 MiB, 5672 MiB, 69
2022/11/10 16:15:48.391, 100 %, 38 %, 15360 MiB, 9237 MiB, 5672 MiB, 69
2022/11/10 16:15:48.892, 100 %, 30 %, 15360 MiB, 9237 MiB, 5672 MiB, 69
2022/11/10 16:15:49.412, 95 %, 32 %, 15360 MiB, 9237 MiB, 5672 MiB, 69
2022/11/10 16:15:49.913, 91 %, 26 %, 15360 MiB, 9237 MiB, 5672 MiB, 69
2022/11/10 16:15:50.416, 100 %, 30 %, 15360 MiB, 9237 MiB, 5672 MiB, 69
2022/11/10 16:15:50.917, 100 %, 16 %, 15360 MiB, 9237 MiB, 5672 MiB, 69
2022/11/10 16:15:51.419, 92 %, 27 %, 15360 MiB, 9237 MiB, 5672 MiB, 70
2022/11/10 16:15:51.927, 100 %, 32 %, 15360 MiB, 9237 MiB, 5672 MiB, 68
2022/11/10 16:15:52.431, 100 %, 15 %, 15360 MiB, 9237 MiB, 5672 MiB, 69
2022/11/10 16:15:52.933, 100 %, 27 %, 15360 MiB, 9237 MiB, 5672 MiB, 69
2022/11/10 16:15:53.435, 100 %, 30 %, 15360 MiB, 9237 MiB, 5672 MiB, 69
2022/11/10 16:15:53.937, 100 %, 37 %, 15360 MiB, 9237 MiB, 5672 MiB, 69
2022/11/10 16:15:54.438, 100 %, 30 %, 15360 MiB, 9237 MiB, 5672 MiB, 69
2022/11/10 16:15:54.940, 91 %, 30 %, 15360 MiB, 9237 MiB, 5672 MiB, 69
2022/11/10 16:15:55.441, 100 %, 34 %, 15360 MiB, 9237 MiB, 5672 MiB, 69
2022/11/10 16:15:55.943, 100 %, 32 %, 15360 MiB, 9237 MiB, 5672 MiB, 69
2022/11/10 16:15:56.444, 92 %, 26 %, 15360 MiB, 9237 MiB, 5672 MiB, 69
2022/11/10 16:15:56.946, 100 %, 30 %, 15360 MiB, 9237 MiB, 5672 MiB, 68
2022/11/10 16:15:57.447, 100 %, 28 %, 15360 MiB, 9237 MiB, 5672 MiB, 69
2022/11/10 16:15:57.959, 92 %, 24 %, 15360 MiB, 9237 MiB, 5672 MiB, 69
2022/11/10 16:15:58.461, 93 %, 30 %, 15360 MiB, 9237 MiB, 5672 MiB, 69
2022/11/10 16:15:58.962, 100 %, 20 %, 15360 MiB, 9237 MiB, 5672 MiB, 69
2022/11/10 16:15:59.464, 100 %, 23 %, 15360 MiB, 9237 MiB, 5672 MiB, 69
2022/11/10 16:15:59.965, 94 %, 30 %, 15360 MiB, 9237 MiB, 5672 MiB, 69
2022/11/10 16:16:00.467, 100 %, 37 %, 15360 MiB, 9237 MiB, 5672 MiB, 69
2022/11/10 16:16:00.994, 100 %, 22 %, 15360 MiB, 9237 MiB, 5672 MiB, 69
2022/11/10 16:16:01.496, 97 %, 35 %, 15360 MiB, 9237 MiB, 5672 MiB, 69
2022/11/10 16:16:01.998, 100 %, 38 %, 15360 MiB, 9237 MiB, 5672 MiB, 70
2022/11/10 16:16:02.499, 100 %, 35 %, 15360 MiB, 9237 MiB, 5672 MiB, 69
2022/11/10 16:16:03.001, 96 %, 34 %, 15360 MiB, 9237 MiB, 5672 MiB, 69
2022/11/10 16:16:03.503, 92 %, 29 %, 15360 MiB, 9237 MiB, 5672 MiB, 69
2022/11/10 16:16:04.030, 100 %, 30 %, 15360 MiB, 9237 MiB, 5672 MiB, 69
2022/11/10 16:16:04.532, 100 %, 16 %, 15360 MiB, 9237 MiB, 5672 MiB, 69
2022/11/10 16:16:05.033, 92 %, 26 %, 15360 MiB, 9237 MiB, 5672 MiB, 69
2022/11/10 16:16:05.535, 100 %, 31 %, 15360 MiB, 9237 MiB, 5672 MiB, 68
2022/11/10 16:16:06.037, 100 %, 16 %, 15360 MiB, 9237 MiB, 5672 MiB, 69
2022/11/10 16:16:06.539, 100 %, 29 %, 15360 MiB, 9237 MiB, 5672 MiB, 69
2022/11/10 16:16:07.059, 100 %, 31 %, 15360 MiB, 9237 MiB, 5672 MiB, 69
2022/11/10 16:16:07.562, 100 %, 38 %, 15360 MiB, 9237 MiB, 5672 MiB, 69
2022/11/10 16:16:08.064, 100 %, 29 %, 15360 MiB, 9237 MiB, 5672 MiB, 69
2022/11/10 16:16:08.565, 92 %, 27 %, 15360 MiB, 9237 MiB, 5672 MiB, 69
2022/11/10 16:16:09.067, 100 %, 32 %, 15360 MiB, 9237 MiB, 5672 MiB, 69
2022/11/10 16:16:09.569, 100 %, 27 %, 15360 MiB, 9237 MiB, 5672 MiB, 69
2022/11/10 16:16:10.120, 92 %, 25 %, 15360 MiB, 9237 MiB, 5672 MiB, 69
2022/11/10 16:16:10.621, 92 %, 30 %, 15360 MiB, 9237 MiB, 5672 MiB, 69
2022/11/10 16:16:11.123, 100 %, 22 %, 15360 MiB, 9237 MiB, 5672 MiB, 69
2022/11/10 16:16:11.626, 100 %, 24 %, 15360 MiB, 9237 MiB, 5672 MiB, 69
2022/11/10 16:16:12.127, 93 %, 30 %, 15360 MiB, 9237 MiB, 5672 MiB, 69
2022/11/10 16:16:12.629, 100 %, 38 %, 15360 MiB, 9237 MiB, 5672 MiB, 69
2022/11/10 16:16:13.144, 100 %, 27 %, 15360 MiB, 9237 MiB, 5672 MiB, 69
2022/11/10 16:16:13.645, 97 %, 35 %, 15360 MiB, 9237 MiB, 5672 MiB, 69
2022/11/10 16:16:14.147, 100 %, 37 %, 15360 MiB, 9237 MiB, 5672 MiB, 69
2022/11/10 16:16:14.649, 100 %, 35 %, 15360 MiB, 9237 MiB, 5672 MiB, 69
2022/11/10 16:16:15.150, 93 %, 30 %, 15360 MiB, 9237 MiB, 5672 MiB, 69
2022/11/10 16:16:15.651, 92 %, 28 %, 15360 MiB, 9237 MiB, 5672 MiB, 70
2022/11/10 16:16:16.167, 100 %, 30 %, 15360 MiB, 9237 MiB, 5672 MiB, 69
2022/11/10 16:16:16.669, 100 %, 17 %, 15360 MiB, 9237 MiB, 5672 MiB, 69
2022/11/10 16:16:17.170, 92 %, 26 %, 15360 MiB, 9237 MiB, 5672 MiB, 69
2022/11/10 16:16:17.672, 100 %, 31 %, 15360 MiB, 9237 MiB, 5672 MiB, 69
2022/11/10 16:16:18.173, 100 %, 17 %, 15360 MiB, 9237 MiB, 5672 MiB, 69
2022/11/10 16:16:18.675, 100 %, 29 %, 15360 MiB, 9237 MiB, 5672 MiB, 69
2022/11/10 16:16:19.208, 100 %, 31 %, 15360 MiB, 9237 MiB, 5672 MiB, 70
2022/11/10 16:16:19.710, 100 %, 31 %, 15360 MiB, 9237 MiB, 5672 MiB, 69
2022/11/10 16:16:20.212, 100 %, 30 %, 15360 MiB, 9237 MiB, 5672 MiB, 70
2022/11/10 16:16:20.713, 92 %, 25 %, 15360 MiB, 9237 MiB, 5672 MiB, 69
2022/11/10 16:16:21.215, 100 %, 32 %, 15360 MiB, 9237 MiB, 5672 MiB, 69
2022/11/10 16:16:21.716, 100 %, 19 %, 15360 MiB, 9237 MiB, 5672 MiB, 70
2022/11/10 16:16:22.250, 92 %, 26 %, 15360 MiB, 9237 MiB, 5672 MiB, 69
2022/11/10 16:16:22.751, 95 %, 31 %, 15360 MiB, 9237 MiB, 5672 MiB, 69
2022/11/10 16:16:23.253, 100 %, 16 %, 15360 MiB, 9237 MiB, 5672 MiB, 70
2022/11/10 16:16:23.754, 100 %, 22 %, 15360 MiB, 9237 MiB, 5672 MiB, 70
2022/11/10 16:16:24.255, 96 %, 32 %, 15360 MiB, 9237 MiB, 5672 MiB, 70
2022/11/10 16:16:24.758, 100 %, 39 %, 15360 MiB, 9237 MiB, 5672 MiB, 69
2022/11/10 16:16:25.281, 100 %, 25 %, 15360 MiB, 9237 MiB, 5672 MiB, 70
2022/11/10 16:16:25.782, 93 %, 31 %, 15360 MiB, 9237 MiB, 5672 MiB, 70
2022/11/10 16:16:26.284, 100 %, 37 %, 15360 MiB, 9237 MiB, 5672 MiB, 69
2022/11/10 16:16:26.786, 100 %, 28 %, 15360 MiB, 9237 MiB, 5672 MiB, 69
2022/11/10 16:16:27.287, 93 %, 30 %, 15360 MiB, 9237 MiB, 5672 MiB, 70
2022/11/10 16:16:27.788, 92 %, 27 %, 15360 MiB, 9237 MiB, 5672 MiB, 70
2022/11/10 16:16:28.319, 100 %, 29 %, 15360 MiB, 9237 MiB, 5672 MiB, 70
2022/11/10 16:16:28.820, 100 %, 22 %, 15360 MiB, 9237 MiB, 5672 MiB, 70
2022/11/10 16:16:29.322, 93 %, 30 %, 15360 MiB, 9237 MiB, 5672 MiB, 69
2022/11/10 16:16:29.824, 100 %, 24 %, 15360 MiB, 9237 MiB, 5672 MiB, 69
2022/11/10 16:16:30.325, 100 %, 25 %, 15360 MiB, 9237 MiB, 5672 MiB, 70
2022/11/10 16:16:30.826, 99 %, 31 %, 15360 MiB, 9237 MiB, 5672 MiB, 69
2022/11/10 16:16:31.356, 100 %, 34 %, 15360 MiB, 9237 MiB, 5672 MiB, 69
2022/11/10 16:16:31.857, 100 %, 33 %, 15360 MiB, 9237 MiB, 5672 MiB, 70
2022/11/10 16:16:32.359, 97 %, 34 %, 15360 MiB, 9237 MiB, 5672 MiB, 70
2022/11/10 16:16:32.860, 100 %, 41 %, 15360 MiB, 9237 MiB, 5672 MiB, 70
2022/11/10 16:16:33.362, 100 %, 31 %, 15360 MiB, 9237 MiB, 5672 MiB, 69
2022/11/10 16:16:33.863, 96 %, 36 %, 15360 MiB, 9237 MiB, 5672 MiB, 70
2022/11/10 16:16:34.374, 92 %, 27 %, 15360 MiB, 9237 MiB, 5672 MiB, 70
2022/11/10 16:16:34.876, 100 %, 30 %, 15360 MiB, 9237 MiB, 5672 MiB, 69
2022/11/10 16:16:35.378, 100 %, 15 %, 15360 MiB, 9237 MiB, 5672 MiB, 70
2022/11/10 16:16:35.879, 92 %, 26 %, 15360 MiB, 9237 MiB, 5672 MiB, 70
2022/11/10 16:16:36.381, 100 %, 30 %, 15360 MiB, 9237 MiB, 5672 MiB, 69
2022/11/10 16:16:36.883, 100 %, 15 %, 15360 MiB, 9237 MiB, 5672 MiB, 70
2022/11/10 16:16:37.406, 100 %, 29 %, 15360 MiB, 9237 MiB, 5672 MiB, 70
2022/11/10 16:16:37.907, 100 %, 31 %, 15360 MiB, 9237 MiB, 5672 MiB, 70
2022/11/10 16:16:38.410, 100 %, 33 %, 15360 MiB, 9237 MiB, 5672 MiB, 70
2022/11/10 16:16:38.913, 100 %, 29 %, 15360 MiB, 9237 MiB, 5672 MiB, 70
2022/11/10 16:16:39.414, 92 %, 27 %, 15360 MiB, 9237 MiB, 5672 MiB, 70
2022/11/10 16:16:39.915, 100 %, 32 %, 15360 MiB, 9237 MiB, 5672 MiB, 69
2022/11/10 16:16:40.437, 100 %, 24 %, 15360 MiB, 9237 MiB, 5672 MiB, 70
2022/11/10 16:16:40.939, 93 %, 25 %, 15360 MiB, 9237 MiB, 5672 MiB, 70
2022/11/10 16:16:41.440, 93 %, 29 %, 15360 MiB, 9237 MiB, 5672 MiB, 70
2022/11/10 16:16:41.941, 100 %, 19 %, 15360 MiB, 9237 MiB, 5672 MiB, 70
2022/11/10 16:16:42.443, 100 %, 26 %, 15360 MiB, 9237 MiB, 5672 MiB, 70
2022/11/10 16:16:42.945, 94 %, 31 %, 15360 MiB, 9237 MiB, 5672 MiB, 70
2022/11/10 16:16:43.469, 100 %, 38 %, 15360 MiB, 9237 MiB, 5672 MiB, 70
2022/11/10 16:16:43.971, 100 %, 22 %, 15360 MiB, 9237 MiB, 5672 MiB, 70
2022/11/10 16:16:44.472, 94 %, 32 %, 15360 MiB, 9237 MiB, 5672 MiB, 70
2022/11/10 16:16:44.974, 100 %, 34 %, 15360 MiB, 9237 MiB, 5672 MiB, 69
2022/11/10 16:16:45.475, 100 %, 34 %, 15360 MiB, 9237 MiB, 5672 MiB, 70
2022/11/10 16:16:45.977, 91 %, 33 %, 15360 MiB, 9237 MiB, 5672 MiB, 70
2022/11/10 16:16:46.501, 91 %, 25 %, 15360 MiB, 9237 MiB, 5672 MiB, 70
2022/11/10 16:16:47.003, 100 %, 33 %, 15360 MiB, 9237 MiB, 5672 MiB, 70
2022/11/10 16:16:47.504, 100 %, 19 %, 15360 MiB, 9237 MiB, 5672 MiB, 70
2022/11/10 16:16:48.006, 92 %, 30 %, 15360 MiB, 9237 MiB, 5672 MiB, 70
2022/11/10 16:16:48.508, 100 %, 33 %, 15360 MiB, 9237 MiB, 5672 MiB, 70
2022/11/10 16:16:49.010, 100 %, 27 %, 15360 MiB, 9237 MiB, 5672 MiB, 70
2022/11/10 16:16:49.533, 100 %, 33 %, 15360 MiB, 9237 MiB, 5672 MiB, 70
2022/11/10 16:16:50.034, 100 %, 35 %, 15360 MiB, 9237 MiB, 5672 MiB, 71
2022/11/10 16:16:50.537, 100 %, 35 %, 15360 MiB, 9237 MiB, 5672 MiB, 70
2022/11/10 16:16:51.039, 98 %, 34 %, 15360 MiB, 9237 MiB, 5672 MiB, 70
2022/11/10 16:16:51.540, 39 %, 12 %, 15360 MiB, 9237 MiB, 5672 MiB, 69
2022/11/10 16:16:52.042, 6 %, 1 %, 15360 MiB, 9237 MiB, 5672 MiB, 69
2022/11/10 16:16:52.543, 4 %, 0 %, 15360 MiB, 9237 MiB, 5672 MiB, 68
2022/11/10 16:16:53.072, 4 %, 0 %, 15360 MiB, 9237 MiB, 5672 MiB, 68
2022/11/10 16:16:53.573, 4 %, 0 %, 15360 MiB, 9237 MiB, 5672 MiB, 67
2022/11/10 16:16:54.075, 4 %, 0 %, 15360 MiB, 9237 MiB, 5672 MiB, 67
2022/11/10 16:16:54.576, 4 %, 0 %, 15360 MiB, 9237 MiB, 5672 MiB, 67
2022/11/10 16:16:55.077, 4 %, 0 %, 15360 MiB, 9237 MiB, 5672 MiB, 66
2022/11/10 16:16:55.579, 4 %, 0 %, 15360 MiB, 9237 MiB, 5672 MiB, 66
2022/11/10 16:16:56.080, 4 %, 0 %, 15360 MiB, 9237 MiB, 5672 MiB, 66
2022/11/10 16:16:56.593, 4 %, 0 %, 15360 MiB, 9237 MiB, 5672 MiB, 66
2022/11/10 16:16:57.094, 0 %, 0 %, 15360 MiB, 9237 MiB, 5672 MiB, 65
2022/11/10 16:16:57.596, 0 %, 0 %, 15360 MiB, 9237 MiB, 5672 MiB, 65
2022/11/10 16:16:58.105, 0 %, 0 %, 15360 MiB, 9237 MiB, 5672 MiB, 65
2022/11/10 16:16:58.606, 0 %, 0 %, 15360 MiB, 9237 MiB, 5672 MiB, 65
2022/11/10 16:16:59.108, 52 %, 6 %, 15360 MiB, 9155 MiB, 5754 MiB, 66
2022/11/10 16:16:59.609, 100 %, 33 %, 15360 MiB, 9155 MiB, 5754 MiB, 66
2022/11/10 16:17:00.161, 100 %, 25 %, 15360 MiB, 9155 MiB, 5754 MiB, 67
2022/11/10 16:17:00.663, 75 %, 22 %, 15360 MiB, 9155 MiB, 5754 MiB, 67
2022/11/10 16:17:01.164, 100 %, 39 %, 15360 MiB, 9155 MiB, 5754 MiB, 66
2022/11/10 16:17:01.665, 100 %, 17 %, 15360 MiB, 9155 MiB, 5754 MiB, 67
2022/11/10 16:17:02.167, 68 %, 21 %, 15360 MiB, 9155 MiB, 5754 MiB, 67
2022/11/10 16:17:02.669, 100 %, 31 %, 15360 MiB, 9155 MiB, 5754 MiB, 67
2022/11/10 16:17:03.174, 100 %, 24 %, 15360 MiB, 9155 MiB, 5754 MiB, 68
2022/11/10 16:17:03.676, 86 %, 34 %, 15360 MiB, 9155 MiB, 5754 MiB, 68
2022/11/10 16:17:04.177, 100 %, 40 %, 15360 MiB, 9155 MiB, 5754 MiB, 67
2022/11/10 16:17:04.679, 100 %, 22 %, 15360 MiB, 9155 MiB, 5754 MiB, 68
2022/11/10 16:17:05.180, 69 %, 21 %, 15360 MiB, 9155 MiB, 5754 MiB, 68
2022/11/10 16:17:05.681, 99 %, 33 %, 15360 MiB, 9155 MiB, 5754 MiB, 67
2022/11/10 16:17:06.195, 100 %, 27 %, 15360 MiB, 9155 MiB, 5754 MiB, 68
2022/11/10 16:17:06.696, 89 %, 34 %, 15360 MiB, 9155 MiB, 5754 MiB, 68
2022/11/10 16:17:07.198, 100 %, 37 %, 15360 MiB, 9155 MiB, 5754 MiB, 67
2022/11/10 16:17:07.700, 100 %, 26 %, 15360 MiB, 9155 MiB, 5754 MiB, 68
2022/11/10 16:17:08.201, 69 %, 23 %, 15360 MiB, 9155 MiB, 5754 MiB, 68
2022/11/10 16:17:08.702, 92 %, 31 %, 15360 MiB, 9155 MiB, 5754 MiB, 67
2022/11/10 16:17:09.220, 100 %, 21 %, 15360 MiB, 9155 MiB, 5754 MiB, 68
2022/11/10 16:17:09.722, 97 %, 33 %, 15360 MiB, 9155 MiB, 5754 MiB, 68
2022/11/10 16:17:10.224, 100 %, 37 %, 15360 MiB, 9155 MiB, 5754 MiB, 68
2022/11/10 16:17:10.725, 100 %, 32 %, 15360 MiB, 9155 MiB, 5754 MiB, 68
2022/11/10 16:17:11.227, 69 %, 19 %, 15360 MiB, 9155 MiB, 5754 MiB, 68
2022/11/10 16:17:11.728, 79 %, 28 %, 15360 MiB, 9155 MiB, 5754 MiB, 68
2022/11/10 16:17:12.254, 100 %, 17 %, 15360 MiB, 9155 MiB, 5754 MiB, 69
2022/11/10 16:17:12.756, 100 %, 33 %, 15360 MiB, 9155 MiB, 5754 MiB, 68
2022/11/10 16:17:13.257, 100 %, 33 %, 15360 MiB, 9155 MiB, 5754 MiB, 68
2022/11/10 16:17:13.759, 100 %, 31 %, 15360 MiB, 9155 MiB, 5754 MiB, 69
2022/11/10 16:17:14.261, 73 %, 20 %, 15360 MiB, 9155 MiB, 5754 MiB, 69
2022/11/10 16:17:14.763, 72 %, 26 %, 15360 MiB, 9155 MiB, 5754 MiB, 68
2022/11/10 16:17:15.284, 100 %, 16 %, 15360 MiB, 9155 MiB, 5754 MiB, 69
2022/11/10 16:17:15.786, 68 %, 21 %, 15360 MiB, 9155 MiB, 5754 MiB, 69
2022/11/10 16:17:16.287, 100 %, 32 %, 15360 MiB, 9155 MiB, 5754 MiB, 68
2022/11/10 16:17:16.788, 100 %, 22 %, 15360 MiB, 9155 MiB, 5754 MiB, 69
2022/11/10 16:17:17.290, 80 %, 24 %, 15360 MiB, 9155 MiB, 5754 MiB, 69
2022/11/10 16:17:17.791, 100 %, 39 %, 15360 MiB, 9155 MiB, 5754 MiB, 68
2022/11/10 16:17:18.304, 100 %, 20 %, 15360 MiB, 9155 MiB, 5754 MiB, 69
2022/11/10 16:17:18.806, 69 %, 20 %, 15360 MiB, 9155 MiB, 5754 MiB, 69
2022/11/10 16:17:19.307, 100 %, 33 %, 15360 MiB, 9155 MiB, 5754 MiB, 68
2022/11/10 16:17:19.809, 100 %, 24 %, 15360 MiB, 9155 MiB, 5754 MiB, 69
2022/11/10 16:17:20.311, 87 %, 24 %, 15360 MiB, 9155 MiB, 5754 MiB, 69
2022/11/10 16:17:20.812, 100 %, 36 %, 15360 MiB, 9155 MiB, 5754 MiB, 68
2022/11/10 16:17:21.318, 100 %, 23 %, 15360 MiB, 9155 MiB, 5754 MiB, 69
2022/11/10 16:17:21.820, 68 %, 21 %, 15360 MiB, 9155 MiB, 5754 MiB, 69
2022/11/10 16:17:22.321, 100 %, 30 %, 15360 MiB, 9155 MiB, 5754 MiB, 68
2022/11/10 16:17:22.822, 100 %, 23 %, 15360 MiB, 9155 MiB, 5754 MiB, 69
2022/11/10 16:17:23.324, 87 %, 25 %, 15360 MiB, 9155 MiB, 5754 MiB, 69
2022/11/10 16:17:23.826, 100 %, 37 %, 15360 MiB, 9155 MiB, 5754 MiB, 68
2022/11/10 16:17:24.349, 100 %, 24 %, 15360 MiB, 9155 MiB, 5754 MiB, 69
2022/11/10 16:17:24.850, 68 %, 21 %, 15360 MiB, 9155 MiB, 5754 MiB, 69
2022/11/10 16:17:25.352, 100 %, 32 %, 15360 MiB, 9155 MiB, 5754 MiB, 69
2022/11/10 16:17:25.853, 100 %, 23 %, 15360 MiB, 9155 MiB, 5754 MiB, 69
2022/11/10 16:17:26.355, 91 %, 25 %, 15360 MiB, 9155 MiB, 5754 MiB, 69
2022/11/10 16:17:26.856, 100 %, 40 %, 15360 MiB, 9155 MiB, 5754 MiB, 69
2022/11/10 16:17:27.368, 100 %, 24 %, 15360 MiB, 9155 MiB, 5754 MiB, 69
2022/11/10 16:17:27.869, 69 %, 22 %, 15360 MiB, 9155 MiB, 5754 MiB, 69
2022/11/10 16:17:28.371, 98 %, 32 %, 15360 MiB, 9155 MiB, 5754 MiB, 69
2022/11/10 16:17:28.873, 100 %, 24 %, 15360 MiB, 9155 MiB, 5754 MiB, 70
2022/11/10 16:17:29.374, 77 %, 28 %, 15360 MiB, 9155 MiB, 5754 MiB, 70
2022/11/10 16:17:29.876, 100 %, 37 %, 15360 MiB, 9155 MiB, 5754 MiB, 69
2022/11/10 16:17:30.377, 100 %, 30 %, 15360 MiB, 9155 MiB, 5754 MiB, 70
2022/11/10 16:17:30.879, 69 %, 22 %, 15360 MiB, 9155 MiB, 5754 MiB, 70
2022/11/10 16:17:31.381, 100 %, 31 %, 15360 MiB, 9155 MiB, 5754 MiB, 70
2022/11/10 16:17:31.882, 100 %, 23 %, 15360 MiB, 9155 MiB, 5754 MiB, 70
2022/11/10 16:17:32.384, 74 %, 28 %, 15360 MiB, 9155 MiB, 5754 MiB, 70
2022/11/10 16:17:32.885, 100 %, 40 %, 15360 MiB, 9155 MiB, 5754 MiB, 70
2022/11/10 16:17:33.387, 100 %, 30 %, 15360 MiB, 9155 MiB, 5754 MiB, 70
2022/11/10 16:17:33.889, 69 %, 24 %, 15360 MiB, 9155 MiB, 5754 MiB, 70
2022/11/10 16:17:34.390, 100 %, 34 %, 15360 MiB, 9155 MiB, 5754 MiB, 70
2022/11/10 16:17:34.892, 100 %, 23 %, 15360 MiB, 9155 MiB, 5754 MiB, 70
2022/11/10 16:17:35.393, 73 %, 26 %, 15360 MiB, 9155 MiB, 5754 MiB, 70
2022/11/10 16:17:35.895, 100 %, 40 %, 15360 MiB, 9155 MiB, 5754 MiB, 70
2022/11/10 16:17:36.397, 100 %, 32 %, 15360 MiB, 9155 MiB, 5754 MiB, 70
2022/11/10 16:17:36.898, 69 %, 23 %, 15360 MiB, 9155 MiB, 5754 MiB, 70
2022/11/10 16:17:37.400, 100 %, 33 %, 15360 MiB, 9155 MiB, 5754 MiB, 70
2022/11/10 16:17:37.901, 100 %, 20 %, 15360 MiB, 9155 MiB, 5754 MiB, 70
2022/11/10 16:17:38.403, 72 %, 24 %, 15360 MiB, 9155 MiB, 5754 MiB, 70
2022/11/10 16:17:38.904, 100 %, 39 %, 15360 MiB, 9155 MiB, 5754 MiB, 70
2022/11/10 16:17:39.422, 100 %, 22 %, 15360 MiB, 9155 MiB, 5754 MiB, 70
2022/11/10 16:17:39.923, 69 %, 24 %, 15360 MiB, 9155 MiB, 5754 MiB, 70
2022/11/10 16:17:40.426, 100 %, 35 %, 15360 MiB, 9155 MiB, 5754 MiB, 70
2022/11/10 16:17:40.927, 74 %, 20 %, 15360 MiB, 9155 MiB, 5754 MiB, 70
2022/11/10 16:17:41.428, 72 %, 24 %, 15360 MiB, 9155 MiB, 5754 MiB, 70
2022/11/10 16:17:41.930, 100 %, 16 %, 15360 MiB, 9155 MiB, 5754 MiB, 70
2022/11/10 16:17:42.452, 100 %, 27 %, 15360 MiB, 9155 MiB, 5754 MiB, 70
2022/11/10 16:17:42.954, 100 %, 31 %, 15360 MiB, 9155 MiB, 5754 MiB, 70
2022/11/10 16:17:43.455, 100 %, 32 %, 15360 MiB, 9155 MiB, 5754 MiB, 70
2022/11/10 16:17:43.957, 81 %, 21 %, 15360 MiB, 9155 MiB, 5754 MiB, 70
2022/11/10 16:17:44.459, 70 %, 18 %, 15360 MiB, 9155 MiB, 5754 MiB, 70
2022/11/10 16:17:44.961, 100 %, 20 %, 15360 MiB, 9155 MiB, 5754 MiB, 70
2022/11/10 16:17:45.463, 100 %, 27 %, 15360 MiB, 9155 MiB, 5754 MiB, 70
2022/11/10 16:17:45.965, 100 %, 31 %, 15360 MiB, 9155 MiB, 5754 MiB, 70
2022/11/10 16:17:46.467, 100 %, 32 %, 15360 MiB, 9155 MiB, 5754 MiB, 70
2022/11/10 16:17:46.968, 86 %, 25 %, 15360 MiB, 9155 MiB, 5754 MiB, 70
2022/11/10 16:17:47.470, 69 %, 19 %, 15360 MiB, 9155 MiB, 5754 MiB, 70
2022/11/10 16:17:47.971, 100 %, 23 %, 15360 MiB, 9155 MiB, 5754 MiB, 70
2022/11/10 16:17:48.482, 100 %, 26 %, 15360 MiB, 9155 MiB, 5754 MiB, 70
2022/11/10 16:17:48.983, 100 %, 32 %, 15360 MiB, 9155 MiB, 5754 MiB, 70
2022/11/10 16:17:49.485, 100 %, 36 %, 15360 MiB, 9155 MiB, 5754 MiB, 70
2022/11/10 16:17:49.987, 90 %, 24 %, 15360 MiB, 9155 MiB, 5754 MiB, 70
2022/11/10 16:17:50.488, 68 %, 19 %, 15360 MiB, 9155 MiB, 5754 MiB, 71
2022/11/10 16:17:50.990, 100 %, 24 %, 15360 MiB, 9155 MiB, 5754 MiB, 70
2022/11/10 16:17:51.505, 100 %, 27 %, 15360 MiB, 9155 MiB, 5754 MiB, 70
2022/11/10 16:17:52.006, 100 %, 33 %, 15360 MiB, 9155 MiB, 5754 MiB, 71
2022/11/10 16:17:52.508, 100 %, 33 %, 15360 MiB, 9155 MiB, 5754 MiB, 70
2022/11/10 16:17:53.010, 92 %, 29 %, 15360 MiB, 9155 MiB, 5754 MiB, 70
2022/11/10 16:17:53.511, 69 %, 20 %, 15360 MiB, 9155 MiB, 5754 MiB, 70
2022/11/10 16:17:54.012, 100 %, 23 %, 15360 MiB, 9155 MiB, 5754 MiB, 70
2022/11/10 16:17:54.520, 100 %, 24 %, 15360 MiB, 9155 MiB, 5754 MiB, 70
2022/11/10 16:17:55.022, 98 %, 32 %, 15360 MiB, 9155 MiB, 5754 MiB, 70
2022/11/10 16:17:55.523, 100 %, 22 %, 15360 MiB, 9155 MiB, 5754 MiB, 70
2022/11/10 16:17:56.025, 94 %, 28 %, 15360 MiB, 9155 MiB, 5754 MiB, 70
2022/11/10 16:17:56.526, 100 %, 38 %, 15360 MiB, 9155 MiB, 5754 MiB, 69
2022/11/10 16:17:57.028, 100 %, 26 %, 15360 MiB, 9155 MiB, 5754 MiB, 70
2022/11/10 16:17:57.529, 69 %, 24 %, 15360 MiB, 9155 MiB, 5754 MiB, 70
2022/11/10 16:17:58.031, 93 %, 31 %, 15360 MiB, 9155 MiB, 5754 MiB, 69
2022/11/10 16:17:58.533, 100 %, 20 %, 15360 MiB, 9155 MiB, 5754 MiB, 70
2022/11/10 16:17:59.035, 96 %, 36 %, 15360 MiB, 9155 MiB, 5754 MiB, 70
2022/11/10 16:17:59.536, 100 %, 40 %, 15360 MiB, 9155 MiB, 5754 MiB, 69
2022/11/10 16:18:00.037, 100 %, 29 %, 15360 MiB, 9155 MiB, 5754 MiB, 70
2022/11/10 16:18:00.538, 69 %, 26 %, 15360 MiB, 9155 MiB, 5754 MiB, 70
2022/11/10 16:18:01.040, 92 %, 31 %, 15360 MiB, 9155 MiB, 5754 MiB, 69
2022/11/10 16:18:01.541, 100 %, 21 %, 15360 MiB, 9155 MiB, 5754 MiB, 70
2022/11/10 16:18:02.043, 97 %, 31 %, 15360 MiB, 9155 MiB, 5754 MiB, 70
2022/11/10 16:18:02.544, 100 %, 39 %, 15360 MiB, 9155 MiB, 5754 MiB, 70
2022/11/10 16:18:03.046, 100 %, 28 %, 15360 MiB, 9155 MiB, 5754 MiB, 70
2022/11/10 16:18:03.547, 69 %, 22 %, 15360 MiB, 9155 MiB, 5754 MiB, 70
2022/11/10 16:18:04.049, 90 %, 31 %, 15360 MiB, 9155 MiB, 5754 MiB, 70
2022/11/10 16:18:04.551, 100 %, 22 %, 15360 MiB, 9155 MiB, 5754 MiB, 70
2022/11/10 16:18:05.052, 71 %, 22 %, 15360 MiB, 9155 MiB, 5754 MiB, 70
2022/11/10 16:18:05.554, 100 %, 40 %, 15360 MiB, 9155 MiB, 5754 MiB, 70
2022/11/10 16:18:06.055, 100 %, 28 %, 15360 MiB, 9155 MiB, 5754 MiB, 70
2022/11/10 16:18:06.571, 69 %, 24 %, 15360 MiB, 9155 MiB, 5754 MiB, 71
2022/11/10 16:18:07.073, 100 %, 32 %, 15360 MiB, 9155 MiB, 5754 MiB, 70
2022/11/10 16:18:07.575, 100 %, 19 %, 15360 MiB, 9155 MiB, 5754 MiB, 71
2022/11/10 16:18:08.076, 71 %, 22 %, 15360 MiB, 9155 MiB, 5754 MiB, 71
2022/11/10 16:18:08.578, 100 %, 38 %, 15360 MiB, 9155 MiB, 5754 MiB, 70
2022/11/10 16:18:09.079, 100 %, 29 %, 15360 MiB, 9155 MiB, 5754 MiB, 71
2022/11/10 16:18:09.600, 69 %, 22 %, 15360 MiB, 9155 MiB, 5754 MiB, 71
2022/11/10 16:18:10.102, 100 %, 32 %, 15360 MiB, 9155 MiB, 5754 MiB, 70
2022/11/10 16:18:10.603, 100 %, 17 %, 15360 MiB, 9155 MiB, 5754 MiB, 71
2022/11/10 16:18:11.105, 67 %, 20 %, 15360 MiB, 9155 MiB, 5754 MiB, 71
2022/11/10 16:18:11.606, 100 %, 38 %, 15360 MiB, 9155 MiB, 5754 MiB, 71
2022/11/10 16:18:12.108, 100 %, 27 %, 15360 MiB, 9155 MiB, 5754 MiB, 71
2022/11/10 16:18:12.617, 68 %, 20 %, 15360 MiB, 9155 MiB, 5754 MiB, 71
2022/11/10 16:18:13.119, 100 %, 31 %, 15360 MiB, 9155 MiB, 5754 MiB, 71
2022/11/10 16:18:13.621, 100 %, 18 %, 15360 MiB, 9155 MiB, 5754 MiB, 71
2022/11/10 16:18:14.122, 71 %, 24 %, 15360 MiB, 9155 MiB, 5754 MiB, 71
2022/11/10 16:18:14.624, 100 %, 39 %, 15360 MiB, 9155 MiB, 5754 MiB, 71
2022/11/10 16:18:15.126, 100 %, 31 %, 15360 MiB, 9155 MiB, 5754 MiB, 71
2022/11/10 16:18:15.627, 68 %, 22 %, 15360 MiB, 9155 MiB, 5754 MiB, 71
2022/11/10 16:18:16.130, 100 %, 31 %, 15360 MiB, 9155 MiB, 5754 MiB, 71
2022/11/10 16:18:16.632, 100 %, 19 %, 15360 MiB, 9155 MiB, 5754 MiB, 71
2022/11/10 16:18:17.133, 71 %, 25 %, 15360 MiB, 9155 MiB, 5754 MiB, 71
2022/11/10 16:18:17.634, 100 %, 38 %, 15360 MiB, 9155 MiB, 5754 MiB, 71
2022/11/10 16:18:18.136, 100 %, 28 %, 15360 MiB, 9155 MiB, 5754 MiB, 71
2022/11/10 16:18:18.637, 69 %, 20 %, 15360 MiB, 9155 MiB, 5754 MiB, 71
2022/11/10 16:18:19.139, 100 %, 32 %, 15360 MiB, 9155 MiB, 5754 MiB, 71
2022/11/10 16:18:19.640, 82 %, 25 %, 15360 MiB, 9155 MiB, 5754 MiB, 71
2022/11/10 16:18:20.142, 71 %, 25 %, 15360 MiB, 9155 MiB, 5754 MiB, 71
2022/11/10 16:18:20.643, 100 %, 18 %, 15360 MiB, 9155 MiB, 5754 MiB, 71
2022/11/10 16:18:21.145, 100 %, 26 %, 15360 MiB, 9155 MiB, 5754 MiB, 71
2022/11/10 16:18:21.647, 100 %, 31 %, 15360 MiB, 9155 MiB, 5754 MiB, 71
2022/11/10 16:18:22.148, 100 %, 34 %, 15360 MiB, 9155 MiB, 5754 MiB, 71
2022/11/10 16:18:22.650, 81 %, 25 %, 15360 MiB, 9155 MiB, 5754 MiB, 71
2022/11/10 16:18:23.152, 70 %, 22 %, 15360 MiB, 9155 MiB, 5754 MiB, 71
2022/11/10 16:18:23.653, 100 %, 18 %, 15360 MiB, 9155 MiB, 5754 MiB, 71
2022/11/10 16:18:24.154, 100 %, 26 %, 15360 MiB, 9155 MiB, 5754 MiB, 71
2022/11/10 16:18:24.664, 100 %, 31 %, 15360 MiB, 9155 MiB, 5754 MiB, 71
2022/11/10 16:18:25.166, 100 %, 33 %, 15360 MiB, 9155 MiB, 5754 MiB, 71
2022/11/10 16:18:25.668, 77 %, 25 %, 15360 MiB, 9155 MiB, 5754 MiB, 71
2022/11/10 16:18:26.169, 72 %, 26 %, 15360 MiB, 9155 MiB, 5754 MiB, 70
2022/11/10 16:18:26.670, 100 %, 16 %, 15360 MiB, 9155 MiB, 5754 MiB, 71
2022/11/10 16:18:27.172, 100 %, 27 %, 15360 MiB, 9155 MiB, 5754 MiB, 71
2022/11/10 16:18:27.708, 100 %, 31 %, 15360 MiB, 9155 MiB, 5754 MiB, 71
2022/11/10 16:18:28.210, 100 %, 30 %, 15360 MiB, 9155 MiB, 5754 MiB, 71
2022/11/10 16:18:28.712, 80 %, 24 %, 15360 MiB, 9155 MiB, 5754 MiB, 71
2022/11/10 16:18:29.213, 72 %, 27 %, 15360 MiB, 9155 MiB, 5754 MiB, 70
2022/11/10 16:18:29.714, 100 %, 16 %, 15360 MiB, 9155 MiB, 5754 MiB, 71
2022/11/10 16:18:30.216, 100 %, 29 %, 15360 MiB, 9155 MiB, 5754 MiB, 71
2022/11/10 16:18:30.750, 100 %, 32 %, 15360 MiB, 9155 MiB, 5754 MiB, 71
2022/11/10 16:18:31.251, 100 %, 31 %, 15360 MiB, 9155 MiB, 5754 MiB, 71
2022/11/10 16:18:31.753, 78 %, 24 %, 15360 MiB, 9155 MiB, 5754 MiB, 71
2022/11/10 16:18:32.254, 72 %, 25 %, 15360 MiB, 9155 MiB, 5754 MiB, 70
2022/11/10 16:18:32.756, 100 %, 16 %, 15360 MiB, 9155 MiB, 5754 MiB, 71
2022/11/10 16:18:33.257, 100 %, 27 %, 15360 MiB, 9155 MiB, 5754 MiB, 71
2022/11/10 16:18:33.779, 100 %, 31 %, 15360 MiB, 9155 MiB, 5754 MiB, 70
2022/11/10 16:18:34.280, 100 %, 34 %, 15360 MiB, 9155 MiB, 5754 MiB, 71
2022/11/10 16:18:34.782, 78 %, 24 %, 15360 MiB, 9155 MiB, 5754 MiB, 71
2022/11/10 16:18:35.284, 72 %, 26 %, 15360 MiB, 9155 MiB, 5754 MiB, 70
2022/11/10 16:18:35.785, 100 %, 16 %, 15360 MiB, 9155 MiB, 5754 MiB, 71
2022/11/10 16:18:36.286, 100 %, 25 %, 15360 MiB, 9155 MiB, 5754 MiB, 71
2022/11/10 16:18:36.819, 100 %, 32 %, 15360 MiB, 9155 MiB, 5754 MiB, 70
2022/11/10 16:18:37.321, 100 %, 32 %, 15360 MiB, 9155 MiB, 5754 MiB, 71
2022/11/10 16:18:37.822, 79 %, 22 %, 15360 MiB, 9155 MiB, 5754 MiB, 71
2022/11/10 16:18:38.323, 71 %, 24 %, 15360 MiB, 9155 MiB, 5754 MiB, 70
2022/11/10 16:18:38.824, 100 %, 18 %, 15360 MiB, 9155 MiB, 5754 MiB, 71
2022/11/10 16:18:39.326, 100 %, 27 %, 15360 MiB, 9155 MiB, 5754 MiB, 71
2022/11/10 16:18:39.851, 100 %, 30 %, 15360 MiB, 9155 MiB, 5754 MiB, 70
2022/11/10 16:18:40.353, 100 %, 32 %, 15360 MiB, 9155 MiB, 5754 MiB, 71
2022/11/10 16:18:40.854, 81 %, 28 %, 15360 MiB, 9155 MiB, 5754 MiB, 71
2022/11/10 16:18:41.355, 71 %, 24 %, 15360 MiB, 9155 MiB, 5754 MiB, 70
2022/11/10 16:18:41.857, 100 %, 17 %, 15360 MiB, 9155 MiB, 5754 MiB, 71
2022/11/10 16:18:42.358, 100 %, 27 %, 15360 MiB, 9155 MiB, 5754 MiB, 71
2022/11/10 16:18:42.881, 100 %, 31 %, 15360 MiB, 9155 MiB, 5754 MiB, 70
2022/11/10 16:18:43.383, 100 %, 32 %, 15360 MiB, 9155 MiB, 5754 MiB, 71
2022/11/10 16:18:43.884, 76 %, 23 %, 15360 MiB, 9155 MiB, 5754 MiB, 71
2022/11/10 16:18:44.385, 100 %, 35 %, 15360 MiB, 9155 MiB, 5754 MiB, 70
2022/11/10 16:18:44.887, 100 %, 15 %, 15360 MiB, 9155 MiB, 5754 MiB, 71
2022/11/10 16:18:45.388, 68 %, 21 %, 15360 MiB, 9155 MiB, 5754 MiB, 71
2022/11/10 16:18:45.897, 100 %, 34 %, 15360 MiB, 9155 MiB, 5754 MiB, 70
2022/11/10 16:18:46.399, 100 %, 23 %, 15360 MiB, 9155 MiB, 5754 MiB, 71
2022/11/10 16:18:46.900, 71 %, 18 %, 15360 MiB, 9155 MiB, 5754 MiB, 71
2022/11/10 16:18:47.401, 100 %, 31 %, 15360 MiB, 9155 MiB, 5754 MiB, 71
2022/11/10 16:18:47.903, 100 %, 15 %, 15360 MiB, 9155 MiB, 5754 MiB, 71
2022/11/10 16:18:48.405, 68 %, 21 %, 15360 MiB, 9155 MiB, 5754 MiB, 71
2022/11/10 16:18:48.907, 100 %, 33 %, 15360 MiB, 9155 MiB, 5754 MiB, 71
2022/11/10 16:18:49.409, 100 %, 23 %, 15360 MiB, 9155 MiB, 5754 MiB, 71
2022/11/10 16:18:49.910, 69 %, 16 %, 15360 MiB, 9155 MiB, 5754 MiB, 71
2022/11/10 16:18:50.412, 100 %, 31 %, 15360 MiB, 9155 MiB, 5754 MiB, 71
2022/11/10 16:18:50.914, 100 %, 16 %, 15360 MiB, 9155 MiB, 5754 MiB, 71
2022/11/10 16:18:51.416, 68 %, 20 %, 15360 MiB, 9155 MiB, 5754 MiB, 71
2022/11/10 16:18:51.917, 100 %, 34 %, 15360 MiB, 9155 MiB, 5754 MiB, 71
2022/11/10 16:18:52.422, 100 %, 24 %, 15360 MiB, 9155 MiB, 5754 MiB, 71
2022/11/10 16:18:52.924, 68 %, 20 %, 15360 MiB, 9155 MiB, 5754 MiB, 71
2022/11/10 16:18:53.425, 100 %, 32 %, 15360 MiB, 9155 MiB, 5754 MiB, 71
2022/11/10 16:18:53.927, 100 %, 16 %, 15360 MiB, 9155 MiB, 5754 MiB, 71
2022/11/10 16:18:54.428, 68 %, 20 %, 15360 MiB, 9155 MiB, 5754 MiB, 71
2022/11/10 16:18:54.930, 100 %, 36 %, 15360 MiB, 9155 MiB, 5754 MiB, 71
2022/11/10 16:18:55.431, 100 %, 23 %, 15360 MiB, 9155 MiB, 5754 MiB, 71
2022/11/10 16:18:55.933, 100 %, 31 %, 15360 MiB, 9155 MiB, 5754 MiB, 71
2022/11/10 16:18:56.435, 100 %, 34 %, 15360 MiB, 9155 MiB, 5754 MiB, 71
2022/11/10 16:18:56.937, 89 %, 31 %, 15360 MiB, 9155 MiB, 5754 MiB, 71
2022/11/10 16:18:57.438, 69 %, 21 %, 15360 MiB, 9155 MiB, 5754 MiB, 71
2022/11/10 16:18:57.939, 100 %, 21 %, 15360 MiB, 9155 MiB, 5754 MiB, 71
2022/11/10 16:18:58.441, 100 %, 25 %, 15360 MiB, 9155 MiB, 5754 MiB, 71
2022/11/10 16:18:58.943, 100 %, 31 %, 15360 MiB, 9155 MiB, 5754 MiB, 71
2022/11/10 16:18:59.445, 100 %, 31 %, 15360 MiB, 9155 MiB, 5754 MiB, 71
2022/11/10 16:18:59.946, 90 %, 32 %, 15360 MiB, 9155 MiB, 5754 MiB, 71
2022/11/10 16:19:00.448, 69 %, 19 %, 15360 MiB, 9155 MiB, 5754 MiB, 72
2022/11/10 16:19:00.950, 100 %, 21 %, 15360 MiB, 9155 MiB, 5754 MiB, 71
2022/11/10 16:19:01.451, 100 %, 24 %, 15360 MiB, 9155 MiB, 5754 MiB, 71
2022/11/10 16:19:01.953, 100 %, 32 %, 15360 MiB, 9155 MiB, 5754 MiB, 72
2022/11/10 16:19:02.455, 100 %, 33 %, 15360 MiB, 9155 MiB, 5754 MiB, 71
2022/11/10 16:19:02.957, 89 %, 28 %, 15360 MiB, 9155 MiB, 5754 MiB, 71
2022/11/10 16:19:03.458, 67 %, 18 %, 15360 MiB, 9155 MiB, 5754 MiB, 71
2022/11/10 16:19:03.959, 100 %, 20 %, 15360 MiB, 9155 MiB, 5754 MiB, 71
2022/11/10 16:19:04.461, 100 %, 25 %, 15360 MiB, 9155 MiB, 5754 MiB, 71
2022/11/10 16:19:04.963, 100 %, 31 %, 15360 MiB, 9155 MiB, 5754 MiB, 70
2022/11/10 16:19:05.464, 100 %, 21 %, 15360 MiB, 9155 MiB, 5754 MiB, 71
2022/11/10 16:19:05.965, 87 %, 27 %, 15360 MiB, 9155 MiB, 5754 MiB, 71
2022/11/10 16:19:06.468, 100 %, 41 %, 15360 MiB, 9155 MiB, 5754 MiB, 70
2022/11/10 16:19:06.969, 100 %, 19 %, 15360 MiB, 9155 MiB, 5754 MiB, 71
2022/11/10 16:19:07.470, 69 %, 20 %, 15360 MiB, 9155 MiB, 5754 MiB, 71
2022/11/10 16:19:07.972, 100 %, 31 %, 15360 MiB, 9155 MiB, 5754 MiB, 70
2022/11/10 16:19:08.473, 100 %, 21 %, 15360 MiB, 9155 MiB, 5754 MiB, 71
2022/11/10 16:19:08.974, 83 %, 21 %, 15360 MiB, 9155 MiB, 5754 MiB, 71
2022/11/10 16:19:09.476, 100 %, 36 %, 15360 MiB, 9155 MiB, 5754 MiB, 71
2022/11/10 16:19:09.977, 100 %, 19 %, 15360 MiB, 9155 MiB, 5754 MiB, 71
2022/11/10 16:19:10.479, 67 %, 20 %, 15360 MiB, 9155 MiB, 5754 MiB, 71
2022/11/10 16:19:10.981, 100 %, 30 %, 15360 MiB, 9155 MiB, 5754 MiB, 71
2022/11/10 16:19:11.482, 100 %, 21 %, 15360 MiB, 9155 MiB, 5754 MiB, 71
2022/11/10 16:19:11.983, 81 %, 21 %, 15360 MiB, 9155 MiB, 5754 MiB, 71
2022/11/10 16:19:12.485, 100 %, 36 %, 15360 MiB, 9155 MiB, 5754 MiB, 71
2022/11/10 16:19:12.986, 100 %, 16 %, 15360 MiB, 9155 MiB, 5754 MiB, 71
2022/11/10 16:19:13.488, 68 %, 21 %, 15360 MiB, 9155 MiB, 5754 MiB, 71
2022/11/10 16:19:13.990, 100 %, 31 %, 15360 MiB, 9155 MiB, 5754 MiB, 71
2022/11/10 16:19:14.492, 100 %, 19 %, 15360 MiB, 9155 MiB, 5754 MiB, 71
2022/11/10 16:19:14.993, 78 %, 24 %, 15360 MiB, 9155 MiB, 5754 MiB, 71
2022/11/10 16:19:15.495, 100 %, 37 %, 15360 MiB, 9155 MiB, 5754 MiB, 71
2022/11/10 16:19:15.997, 96 %, 34 %, 15360 MiB, 9155 MiB, 5754 MiB, 71
2022/11/10 16:19:16.499, 69 %, 22 %, 15360 MiB, 9155 MiB, 5754 MiB, 71
2022/11/10 16:19:17.000, 100 %, 25 %, 15360 MiB, 9155 MiB, 5754 MiB, 71
2022/11/10 16:19:17.501, 100 %, 22 %, 15360 MiB, 9155 MiB, 5754 MiB, 71
2022/11/10 16:19:18.003, 93 %, 31 %, 15360 MiB, 9155 MiB, 5754 MiB, 71
2022/11/10 16:19:18.505, 100 %, 36 %, 15360 MiB, 9155 MiB, 5754 MiB, 71
2022/11/10 16:19:19.006, 96 %, 28 %, 15360 MiB, 9155 MiB, 5754 MiB, 71
2022/11/10 16:19:19.509, 69 %, 21 %, 15360 MiB, 9155 MiB, 5754 MiB, 71
2022/11/10 16:19:20.010, 100 %, 29 %, 15360 MiB, 9155 MiB, 5754 MiB, 72
2022/11/10 16:19:20.512, 100 %, 21 %, 15360 MiB, 9155 MiB, 5754 MiB, 72
2022/11/10 16:19:21.013, 91 %, 31 %, 15360 MiB, 9155 MiB, 5754 MiB, 71
2022/11/10 16:19:21.515, 100 %, 34 %, 15360 MiB, 9155 MiB, 5754 MiB, 71
2022/11/10 16:19:22.016, 97 %, 35 %, 15360 MiB, 9155 MiB, 5754 MiB, 72
2022/11/10 16:19:22.518, 69 %, 21 %, 15360 MiB, 9155 MiB, 5754 MiB, 72
2022/11/10 16:19:23.019, 100 %, 29 %, 15360 MiB, 9155 MiB, 5754 MiB, 71
2022/11/10 16:19:23.521, 100 %, 18 %, 15360 MiB, 9155 MiB, 5754 MiB, 72
2022/11/10 16:19:24.023, 93 %, 31 %, 15360 MiB, 9155 MiB, 5754 MiB, 72
2022/11/10 16:19:24.524, 100 %, 36 %, 15360 MiB, 9155 MiB, 5754 MiB, 71
2022/11/10 16:19:25.054, 96 %, 32 %, 15360 MiB, 9155 MiB, 5754 MiB, 71
2022/11/10 16:19:25.556, 69 %, 21 %, 15360 MiB, 9155 MiB, 5754 MiB, 72
2022/11/10 16:19:26.058, 100 %, 27 %, 15360 MiB, 9155 MiB, 5754 MiB, 71
2022/11/10 16:19:26.559, 100 %, 21 %, 15360 MiB, 9155 MiB, 5754 MiB, 71
2022/11/10 16:19:27.061, 90 %, 30 %, 15360 MiB, 9155 MiB, 5754 MiB, 72
2022/11/10 16:19:27.562, 100 %, 33 %, 15360 MiB, 9155 MiB, 5754 MiB, 71
2022/11/10 16:19:28.104, 97 %, 29 %, 15360 MiB, 9155 MiB, 5754 MiB, 71
2022/11/10 16:19:28.605, 69 %, 21 %, 15360 MiB, 9155 MiB, 5754 MiB, 72
2022/11/10 16:19:29.108, 100 %, 28 %, 15360 MiB, 9155 MiB, 5754 MiB, 71
2022/11/10 16:19:29.609, 100 %, 20 %, 15360 MiB, 9155 MiB, 5754 MiB, 71
2022/11/10 16:19:30.111, 87 %, 30 %, 15360 MiB, 9155 MiB, 5754 MiB, 72
2022/11/10 16:19:30.612, 100 %, 38 %, 15360 MiB, 9155 MiB, 5754 MiB, 71
2022/11/10 16:19:31.151, 98 %, 32 %, 15360 MiB, 9155 MiB, 5754 MiB, 72
2022/11/10 16:19:31.652, 68 %, 20 %, 15360 MiB, 9155 MiB, 5754 MiB, 72
2022/11/10 16:19:32.154, 100 %, 28 %, 15360 MiB, 9155 MiB, 5754 MiB, 71
2022/11/10 16:19:32.656, 100 %, 23 %, 15360 MiB, 9155 MiB, 5754 MiB, 72
2022/11/10 16:19:33.158, 86 %, 29 %, 15360 MiB, 9155 MiB, 5754 MiB, 72
2022/11/10 16:19:33.659, 100 %, 38 %, 15360 MiB, 9155 MiB, 5754 MiB, 72
2022/11/10 16:19:34.190, 97 %, 31 %, 15360 MiB, 9155 MiB, 5754 MiB, 72
2022/11/10 16:19:34.692, 69 %, 21 %, 15360 MiB, 9155 MiB, 5754 MiB, 72
2022/11/10 16:19:35.195, 100 %, 31 %, 15360 MiB, 9155 MiB, 5754 MiB, 72
2022/11/10 16:19:35.696, 100 %, 20 %, 15360 MiB, 9155 MiB, 5754 MiB, 72
2022/11/10 16:19:36.198, 86 %, 30 %, 15360 MiB, 9155 MiB, 5754 MiB, 72
2022/11/10 16:19:36.700, 100 %, 33 %, 15360 MiB, 9155 MiB, 5754 MiB, 72
2022/11/10 16:19:37.223, 97 %, 33 %, 15360 MiB, 9155 MiB, 5754 MiB, 72
2022/11/10 16:19:37.725, 69 %, 21 %, 15360 MiB, 9155 MiB, 5754 MiB, 72
2022/11/10 16:19:38.227, 100 %, 27 %, 15360 MiB, 9155 MiB, 5754 MiB, 71
2022/11/10 16:19:38.728, 100 %, 20 %, 15360 MiB, 9155 MiB, 5754 MiB, 72
2022/11/10 16:19:39.230, 88 %, 30 %, 15360 MiB, 9155 MiB, 5754 MiB, 72
2022/11/10 16:19:39.731, 100 %, 35 %, 15360 MiB, 9155 MiB, 5754 MiB, 72
2022/11/10 16:19:40.267, 97 %, 31 %, 15360 MiB, 9155 MiB, 5754 MiB, 72
2022/11/10 16:19:40.769, 69 %, 21 %, 15360 MiB, 9155 MiB, 5754 MiB, 72
2022/11/10 16:19:41.271, 100 %, 30 %, 15360 MiB, 9155 MiB, 5754 MiB, 72
2022/11/10 16:19:41.772, 100 %, 19 %, 15360 MiB, 9155 MiB, 5754 MiB, 72
2022/11/10 16:19:42.274, 88 %, 30 %, 15360 MiB, 9155 MiB, 5754 MiB, 72
2022/11/10 16:19:42.775, 100 %, 37 %, 15360 MiB, 9155 MiB, 5754 MiB, 72
2022/11/10 16:19:43.288, 97 %, 31 %, 15360 MiB, 9155 MiB, 5754 MiB, 72
2022/11/10 16:19:43.790, 100 %, 37 %, 15360 MiB, 9155 MiB, 5754 MiB, 72
2022/11/10 16:19:44.292, 100 %, 31 %, 15360 MiB, 9155 MiB, 5754 MiB, 72
2022/11/10 16:19:44.793, 69 %, 21 %, 15360 MiB, 9155 MiB, 5754 MiB, 72
2022/11/10 16:19:45.295, 89 %, 31 %, 15360 MiB, 9155 MiB, 5754 MiB, 72
2022/11/10 16:19:45.796, 100 %, 20 %, 15360 MiB, 9155 MiB, 5754 MiB, 72
2022/11/10 16:19:46.301, 97 %, 31 %, 15360 MiB, 9155 MiB, 5754 MiB, 72
2022/11/10 16:19:46.802, 100 %, 36 %, 15360 MiB, 9155 MiB, 5754 MiB, 71
2022/11/10 16:19:47.304, 100 %, 31 %, 15360 MiB, 9155 MiB, 5754 MiB, 72
2022/11/10 16:19:47.805, 69 %, 21 %, 15360 MiB, 9155 MiB, 5754 MiB, 72
2022/11/10 16:19:48.306, 88 %, 31 %, 15360 MiB, 9155 MiB, 5754 MiB, 71
2022/11/10 16:19:48.808, 100 %, 19 %, 15360 MiB, 9155 MiB, 5754 MiB, 72
2022/11/10 16:19:49.309, 97 %, 36 %, 15360 MiB, 9155 MiB, 5754 MiB, 72
2022/11/10 16:19:49.811, 100 %, 38 %, 15360 MiB, 9155 MiB, 5754 MiB, 71
2022/11/10 16:19:50.312, 100 %, 29 %, 15360 MiB, 9155 MiB, 5754 MiB, 72
2022/11/10 16:19:50.814, 61 %, 22 %, 15360 MiB, 9155 MiB, 5754 MiB, 72
2022/11/10 16:19:51.315, 93 %, 31 %, 15360 MiB, 9155 MiB, 5754 MiB, 71
2022/11/10 16:19:51.816, 7 %, 1 %, 15360 MiB, 9155 MiB, 5754 MiB, 70
2022/11/10 16:19:52.317, 9 %, 1 %, 15360 MiB, 9155 MiB, 5754 MiB, 70
2022/11/10 16:19:52.821, 9 %, 1 %, 15360 MiB, 9155 MiB, 5754 MiB, 70
2022/11/10 16:19:53.322, 12 %, 1 %, 15360 MiB, 9155 MiB, 5754 MiB, 69
2022/11/10 16:19:53.824, 4 %, 0 %, 15360 MiB, 9155 MiB, 5754 MiB, 69
2022/11/10 16:19:54.325, 4 %, 0 %, 15360 MiB, 9155 MiB, 5754 MiB, 68
2022/11/10 16:19:54.827, 4 %, 0 %, 15360 MiB, 9155 MiB, 5754 MiB, 68
2022/11/10 16:19:55.328, 4 %, 0 %, 15360 MiB, 9155 MiB, 5754 MiB, 68
2022/11/10 16:19:55.829, 4 %, 0 %, 15360 MiB, 9155 MiB, 5754 MiB, 67
2022/11/10 16:19:56.331, 4 %, 0 %, 15360 MiB, 9155 MiB, 5754 MiB, 67
2022/11/10 16:19:56.832, 4 %, 0 %, 15360 MiB, 9155 MiB, 5754 MiB, 67
2022/11/10 16:19:57.334, 4 %, 0 %, 15360 MiB, 9155 MiB, 5754 MiB, 67
2022/11/10 16:19:57.835, 1 %, 0 %, 15360 MiB, 9155 MiB, 5754 MiB, 67
2022/11/10 16:19:58.337, 0 %, 0 %, 15360 MiB, 9155 MiB, 5754 MiB, 66
2022/11/10 16:19:58.838, 0 %, 0 %, 15360 MiB, 9155 MiB, 5754 MiB, 66
2022/11/10 16:19:59.340, 0 %, 0 %, 15360 MiB, 9155 MiB, 5754 MiB, 66
2022/11/10 16:19:59.864, 0 %, 0 %, 15360 MiB, 9155 MiB, 5754 MiB, 66
2022/11/10 16:20:00.366, 0 %, 0 %, 15360 MiB, 9155 MiB, 5754 MiB, 66
2022/11/10 16:20:00.867, 0 %, 0 %, 15360 MiB, 9155 MiB, 5754 MiB, 65
2022/11/10 16:20:01.368, 0 %, 0 %, 15360 MiB, 9155 MiB, 5754 MiB, 65
2022/11/10 16:20:01.870, 0 %, 0 %, 15360 MiB, 9155 MiB, 5754 MiB, 65
2022/11/10 16:20:02.371, 0 %, 0 %, 15360 MiB, 9155 MiB, 5754 MiB, 65
2022/11/10 16:20:02.872, 0 %, 0 %, 15360 MiB, 9155 MiB, 5754 MiB, 65
2022/11/10 16:20:03.400, 0 %, 0 %, 15360 MiB, 9155 MiB, 5754 MiB, 64
2022/11/10 16:20:03.901, 0 %, 0 %, 15360 MiB, 9155 MiB, 5754 MiB, 64
2022/11/10 16:20:04.402, 0 %, 0 %, 15360 MiB, 9155 MiB, 5754 MiB, 64
2022/11/10 16:20:04.904, 0 %, 0 %, 15360 MiB, 9155 MiB, 5754 MiB, 64
2022/11/10 16:20:05.405, 0 %, 0 %, 15360 MiB, 9155 MiB, 5754 MiB, 64
2022/11/10 16:20:05.906, 0 %, 0 %, 15360 MiB, 9155 MiB, 5754 MiB, 64
2022/11/10 16:20:06.408, 0 %, 0 %, 15360 MiB, 9155 MiB, 5754 MiB, 64
2022/11/10 16:20:06.923, 0 %, 0 %, 15360 MiB, 9155 MiB, 5754 MiB, 63
2022/11/10 16:20:07.425, 0 %, 0 %, 15360 MiB, 9155 MiB, 5754 MiB, 63
2022/11/10 16:20:07.926, 0 %, 0 %, 15360 MiB, 9155 MiB, 5754 MiB, 63
2022/11/10 16:20:08.427, 0 %, 0 %, 15360 MiB, 9155 MiB, 5754 MiB, 63
2022/11/10 16:20:08.929, 0 %, 0 %, 15360 MiB, 9155 MiB, 5754 MiB, 63
2022/11/10 16:20:09.430, 0 %, 0 %, 15360 MiB, 9155 MiB, 5754 MiB, 63
2022/11/10 16:20:09.931, 0 %, 0 %, 15360 MiB, 9155 MiB, 5754 MiB, 63
2022/11/10 16:20:10.455, 42 %, 5 %, 15360 MiB, 14910 MiB, 0 MiB, 63
2022/11/10 16:20:10.956, 0 %, 0 %, 15360 MiB, 14910 MiB, 0 MiB, 63
2022/11/10 16:20:11.457, 0 %, 0 %, 15360 MiB, 14910 MiB, 0 MiB, 63
